env;quartier;dc;zone;type;Application;Cap;Use;Use%
hp;AN;d2;Int;data;anais_qf;1.0;0.0;0.0
hp;AN;d2;Int;data;annuaires_dv;1.0;0.0;0.0
hp;AN;d2;Int;data;annuaires_qf;20.0;7.54;37.7
hp;AN;d2;Int;data;audit_an_data_hp;1.0;0.03;2.51
hp;AN;d2;Int;data;contacts_qf;1.0;0.0;0.0
hp;AN;d2;Int;data;igesa_qf;1.0;0.0;0.0
hp;AN;d2;Int;data;keycloak_qf;1.0;0.0;0.0
hp;AN;d2;Int;data;keycloak_qf2;1.0;0.0;0.0
hp;AN;d2;Int;data;pegase_qf;1.0;0.0;0.0
hp;AN;d2;Int;data;replicateurs_qf;1.0;0.0;0.0
hp;AN;d2;Int;data;sandbox_qt;1.0;0.0;0.0
hp;AN;d2;Int;data;spoc_dv;1.0;0.39;38.53
hp;AN;d2;Int;data;spoc_qf;1.0;0.26;26.14
hp;AN;d2;Int;data;sugoi_qf;1.0;0.13;13.45
hp;AN;d2;Int;logs;anais_qf;1.0;0.0;0.16
hp;AN;d2;Int;logs;annuaires_dv;1.0;0.0;0.0
hp;AN;d2;Int;logs;annuaires_qf;10.0;2.89;28.9
hp;AN;d2;Int;logs;contacts_qf;1.0;0.02;2.4
hp;AN;d2;Int;logs;igesa_qf;1.0;0.0;0.0
hp;AN;d2;Int;logs;keycloak_qf;10.0;1.57;15.7
hp;AN;d2;Int;logs;keycloak_qf2;1.0;0.28;27.88
hp;AN;d2;Int;logs;pegase_qf;1.0;0.0;0.0
hp;AN;d2;Int;logs;replicateurs_qf;1.0;0.0;0.0
hp;AN;d2;Int;logs;sandbox_qt;1.0;0.0;0.0
hp;AN;d2;Int;logs;spoc_dv;1.0;0.0;0.01
hp;AN;d2;Int;logs;spoc_qf;1.0;0.01;1.46
hp;AN;d2;Int;logs;sugoi_qf;10.0;1.11;11.1
hp;AP;d2;Int;data;dial_dv;5.0;0.0;0.0
hp;AP;d2;Int;data;formetda_dv;1.0;0.0;0.0
hp;AP;d2;Int;data;formetda_dv2;1.0;0.0;0.0
hp;AP;d2;Int;data;gitlab_qf;10.0;1.38;13.8
hp;AP;d2;Int;data;gravitee_dv;10.0;1.62;16.2
hp;AP;d2;Int;data;hd_dv;50.0;19.8;39.6
hp;AP;d2;Int;data;majiba3_dv;1.0;0.0;0.0
hp;AP;d2;Int;data;majiba3_dv2;1.0;0.0;0.0
hp;AP;d2;Int;data;majiba3_dv3;1.0;0.0;0.0
hp;AP;d2;Int;data;majiba3_dv4;1.0;0.0;0.0
hp;AP;d2;Int;data;majiba_dv;1.0;0.0;0.01
hp;AP;d2;Int;data;majiba_qf;1.0;0.0;0.11
hp;AP;d2;Int;data;oiseau_dv;1.0;0.0;0.0
hp;AP;d2;Int;data;oiseau_dv2;1.0;0.0;0.0
hp;AP;d2;Int;data;pegase_dv;1.0;0.0;0.0
hp;AP;d2;Int;data;playground_dv;1.0;0.0;0.0
hp;AP;d2;Int;data;pocrclone_dv;1.0;0.0;0.05
hp;AP;d2;Int;data;r2d2_qf;10.0;0.4;3.97
hp;AP;d2;Int;data;r2d2_qf2;1.0;0.43;42.7
hp;AP;d2;Int;data;rainette_dv;5.0;0.0;0.0
hp;AP;d2;Int;data;rainette_dv3;1.0;0.0;0.0
hp;AP;d2;Int;data;rainette_dv9;1.0;0.0;0.0
hp;AP;d2;Int;data;reinitmp_dv;1.0;0.0;0.0
hp;AP;d2;Int;data;reinitmp_qf;1.0;0.0;0.0
hp;AP;d2;Int;data;sftpgo_dv;50.0;0.0;0.0
hp;AP;d2;Int;data;sst_dv;1.0;0.0;0.0
hp;AP;d2;Int;data;sugoi_dv5;1.0;0.0;0.0
hp;AP;d2;Int;data;todelete_dv2;1.0;0.0;0.0
hp;AP;d2;Int;data;todelete_dv3;1.0;0.0;0.0
hp;AP;d2;Int;data;todelete_dv5;1.0;0.0;0.0
hp;AP;d2;Int;data;todeletetest_dv;1.0;0.0;0.0
hp;AP;d2;Int;data;todeletetest_dv2;1.0;0.0;0.0
hp;AP;d2;Int;data;todeletetest_dv3;1.0;0.0;0.0
hp;AP;d2;Int;data;todeletetest_dv4;1.0;0.0;0.0
hp;AP;d2;Int;data;todeletetest_dv5;1.0;0.0;0.0
hp;AP;d2;Int;data;todeletetest_dv7;1.0;0.0;0.0
hp;AP;d2;Int;data;todeletetest_dv8;1.0;0.0;0.0
hp;AP;d2;Int;data;todeletetest_qf4;1.0;0.0;0.0
hp;AP;d2;Int;data;todeletetest_qf5;1.0;0.0;0.0
hp;AP;d2;Int;data;vault_dv;1.0;0.08;8.47
hp;AP;d2;Int;data;vault_pd;5.0;0.11;2.19
hp;AP;d2;Int;data;wspegase_dv;1.0;0.0;0.0
hp;AP;d2;Int;data;wspegase_qf;1.0;0.0;0.0
hp;AP;d2;Int;logs;dial_dv;2.0;0.0;0.0
hp;AP;d2;Int;logs;formetda_dv;1.0;0.0;0.0
hp;AP;d2;Int;logs;formetda_dv2;1.0;0.0;0.0
hp;AP;d2;Int;logs;gitlab_qf;1.0;0.02;2.45
hp;AP;d2;Int;logs;gravitee_dv;10.0;0.07;0.72
hp;AP;d2;Int;logs;hd_dv;1.0;0.0;0.0
hp;AP;d2;Int;logs;majiba3_dv;1.0;0.03;3.11
hp;AP;d2;Int;logs;majiba3_dv2;1.0;0.0;0.0
hp;AP;d2;Int;logs;majiba3_dv3;1.0;0.0;0.0
hp;AP;d2;Int;logs;majiba3_dv4;1.0;0.0;0.0
hp;AP;d2;Int;logs;majiba_dv;1.0;0.0;0.0
hp;AP;d2;Int;logs;majiba_qf;1.0;0.0;0.0
hp;AP;d2;Int;logs;oiseau_dv;1.0;0.0;0.0
hp;AP;d2;Int;logs;oiseau_dv2;1.0;0.0;0.0
hp;AP;d2;Int;logs;pegase_dv;1.0;0.0;0.0
hp;AP;d2;Int;logs;playground_dv;1.0;0.0;0.0
hp;AP;d2;Int;logs;pocrclone_dv;1.0;0.0;0.0
hp;AP;d2;Int;logs;r2d2_qf;1.0;0.05;5.47
hp;AP;d2;Int;logs;r2d2_qf2;1.0;0.02;1.79
hp;AP;d2;Int;logs;rainette_dv;5.0;0.0;0.0
hp;AP;d2;Int;logs;rainette_dv3;1.0;0.0;0.0
hp;AP;d2;Int;logs;rainette_dv9;1.0;0.0;0.0
hp;AP;d2;Int;logs;reinitmp_dv;1.0;0.0;0.0
hp;AP;d2;Int;logs;reinitmp_qf;1.0;0.0;0.0
hp;AP;d2;Int;logs;sftpgo_dv;1.0;0.0;0.0
hp;AP;d2;Int;logs;sst_dv;1.0;0.0;0.04
hp;AP;d2;Int;logs;sugoi_dv5;1.0;0.0;0.0
hp;AP;d2;Int;logs;todelete_dv2;1.0;0.0;0.0
hp;AP;d2;Int;logs;todelete_dv3;1.0;0.0;0.0
hp;AP;d2;Int;logs;todelete_dv5;1.0;0.0;0.0
hp;AP;d2;Int;logs;todeletetest_dv;1.0;0.0;0.0
hp;AP;d2;Int;logs;todeletetest_dv2;1.0;0.0;0.0
hp;AP;d2;Int;logs;todeletetest_dv3;1.0;0.0;0.0
hp;AP;d2;Int;logs;todeletetest_dv4;1.0;0.0;0.0
hp;AP;d2;Int;logs;todeletetest_dv5;1.0;0.0;0.0
hp;AP;d2;Int;logs;todeletetest_dv7;1.0;0.0;0.0
hp;AP;d2;Int;logs;todeletetest_dv8;1.0;0.0;0.0
hp;AP;d2;Int;logs;todeletetest_qf4;1.0;0.0;0.0
hp;AP;d2;Int;logs;todeletetest_qf5;1.0;0.0;0.0
hp;AP;d2;Int;logs;vault_dv;1.0;0.0;0.12
hp;AP;d2;Int;logs;vault_pd;50.0;7.34;14.68
hp;AP;d2;Int;logs;wspegase_dv;1.0;0.0;0.0
hp;AP;d2;Int;logs;wspegase_qf;1.0;0.0;0.0
hp;CJ;d2;Int;data;conjoncture_dv;10.0;8.23;82.3
hp;CJ;d2;Int;data;conjoncture_dv2;10.0;7.2;72.0
hp;CJ;d2;Int;data;conjoncture_dv3;20.0;11.1;55.5
hp;CJ;d2;Int;data;conjoncturedepouillement_dv;1.0;0.0;0.04
hp;CJ;d2;Int;data;conjoncturedepouillement_dv2;1.0;0.0;0.0
hp;CJ;d2;Int;data;conjoncturedepouillement_dv3;1.0;0.0;0.01
hp;CJ;d2;Int;data;elbs_dv;10.0;0.2;1.96
hp;CJ;d2;Int;data;elbs_dv2;1.0;0.12;12.34
hp;CJ;d2;Int;data;elbs_dv3;2.0;0.22;10.78
hp;CJ;d2;Int;data;elbs_dv4;1.0;0.0;0.0
hp;CJ;d2;Int;data;elbs_qf;50.0;6.0;12.0
hp;CJ;d2;Int;data;elbs_qf2;1.0;0.13;12.74
hp;CJ;d2;Int;data;elbs_qf3;1.0;0.18;18.0
hp;CJ;d2;Int;data;harmonica_dv;20.0;9.39;46.95
hp;CJ;d2;Int;data;harmonica_dv2;20.0;6.8;34.0
hp;CJ;d2;Int;data;harmonica_dv3;20.0;5.92;29.6
hp;CJ;d2;Int;data;harmonica_dv4;20.0;0.68;3.38
hp;CJ;d2;Int;data;harmonica_dv5;10.0;1.17;11.7
hp;CJ;d2;Int;data;harmonica_dv6;2.0;0.71;35.37
hp;CJ;d2;Int;data;ofats_dv;1.0;0.04;4.49
hp;CJ;d2;Int;data;ofats_dv2;1.0;0.07;6.89
hp;CJ;d2;Int;data;papaye_dv;1.0;0.0;0.0
hp;CJ;d2;Int;data;papaye_dv2;1.0;0.4;40.22
hp;CJ;d2;Int;data;papaye_dv3;1.0;0.49;48.74
hp;CJ;d2;Int;data;papaye_dv4;1.0;0.42;41.6
hp;CJ;d2;Int;data;papaye_dv5;1.0;0.0;0.11
hp;CJ;d2;Int;data;papaye_dv6;2.0;0.0;0.06
hp;CJ;d2;Int;data;tourisme3_dv;10.0;2.64;26.4
hp;CJ;d2;Int;data;tourisme3_dv2;5.0;2.49;49.8
hp;CJ;d2;Int;logs;conjoncture_dv;1.0;0.03;2.8
hp;CJ;d2;Int;logs;conjoncture_dv2;1.0;0.4;39.87
hp;CJ;d2;Int;logs;conjoncture_dv3;1.0;0.03;3.21
hp;CJ;d2;Int;logs;conjoncturedepouillement_dv;1.0;0.0;0.03
hp;CJ;d2;Int;logs;conjoncturedepouillement_dv2;1.0;0.0;0.03
hp;CJ;d2;Int;logs;conjoncturedepouillement_dv3;1.0;0.0;0.03
hp;CJ;d2;Int;logs;elbs_dv;1.0;0.01;0.67
hp;CJ;d2;Int;logs;elbs_dv2;1.0;0.0;0.33
hp;CJ;d2;Int;logs;elbs_dv3;1.0;0.16;15.93
hp;CJ;d2;Int;logs;elbs_dv4;1.0;0.0;0.06
hp;CJ;d2;Int;logs;elbs_qf;10.0;0.0;0.0
hp;CJ;d2;Int;logs;elbs_qf2;1.0;0.0;0.0
hp;CJ;d2;Int;logs;elbs_qf3;1.0;0.0;0.49
hp;CJ;d2;Int;logs;harmonica_dv;1.0;0.03;3.1
hp;CJ;d2;Int;logs;harmonica_dv2;1.0;0.06;5.72
hp;CJ;d2;Int;logs;harmonica_dv3;1.0;0.03;2.54
hp;CJ;d2;Int;logs;harmonica_dv4;1.0;0.01;0.86
hp;CJ;d2;Int;logs;harmonica_dv5;1.0;0.07;7.12
hp;CJ;d2;Int;logs;harmonica_dv6;1.0;0.0;0.09
hp;CJ;d2;Int;logs;ofats_dv;1.0;0.14;14.14
hp;CJ;d2;Int;logs;ofats_dv2;1.0;0.0;0.3
hp;CJ;d2;Int;logs;papaye_dv;1.0;0.02;2.38
hp;CJ;d2;Int;logs;papaye_dv2;1.0;0.19;19.16
hp;CJ;d2;Int;logs;papaye_dv3;1.0;0.16;15.55
hp;CJ;d2;Int;logs;papaye_dv4;1.0;0.06;5.76
hp;CJ;d2;Int;logs;papaye_dv5;1.0;0.0;0.02
hp;CJ;d2;Int;logs;papaye_dv6;2.0;0.0;0.0
hp;CJ;d2;Int;logs;tourisme3_dv;1.0;0.02;1.68
hp;CJ;d2;Int;logs;tourisme3_dv2;2.0;0.01;0.56
hp;CN;d2;Int;data;ariege_dv;1.0;0.53;53.4
hp;CN;d2;Int;data;ariege_dv2;1.0;0.0;0.0
hp;CN;d2;Int;data;ariege_dv3;1.0;0.0;0.0
hp;CN;d2;Int;data;ecmoss_dv;1.0;0.21;21.26
hp;CN;d2;Int;data;ecmoss_dv2;1.0;0.18;18.34
hp;CN;d2;Int;data;goeland_dv;20.0;13.3;66.5
hp;CN;d2;Int;data;goeland_dv2;20.0;13.22;66.1
hp;CN;d2;Int;data;goeland_dv3;1.0;0.0;0.02
hp;CN;d2;Int;data;toucan_dv;5.0;0.0;0.0
hp;CN;d2;Int;data;toucan_dv2;1.0;0.13;12.68
hp;CN;d2;Int;data;toucan_dv3;1.0;0.02;2.1
hp;CN;d2;Int;logs;ariege_dv;1.0;0.0;0.11
hp;CN;d2;Int;logs;ariege_dv2;1.0;0.0;0.06
hp;CN;d2;Int;logs;ariege_dv3;1.0;0.0;0.05
hp;CN;d2;Int;logs;ecmoss_dv;1.0;0.07;7.04
hp;CN;d2;Int;logs;ecmoss_dv2;1.0;0.1;9.85
hp;CN;d2;Int;logs;goeland_dv;1.0;0.0;0.36
hp;CN;d2;Int;logs;goeland_dv2;1.0;0.0;0.07
hp;CN;d2;Int;logs;goeland_dv3;1.0;0.01;0.66
hp;CN;d2;Int;logs;toucan_dv;1.0;0.0;0.11
hp;CN;d2;Int;logs;toucan_dv2;1.0;0.0;0.38
hp;CN;d2;Int;logs;toucan_dv3;1.0;0.02;1.94
hp;DF;d2;Int;data;ddl_dv;10.0;1.28;12.8
hp;DF;d2;Int;data;ddl_dv2;50.0;10.32;20.64
hp;DF;d2;Int;data;ddl_qf;20.0;10.23;51.15
hp;DF;d2;Int;data;ddl_qf2;40.0;31.33;78.33
hp;DF;d2;Int;data;edl_dv;50.0;31.92;63.84
hp;DF;d2;Int;data;edl_dv2;500.0;337.7;67.54
hp;DF;d2;Int;data;statweb4g_qf;150.0;0.55;0.36
hp;DF;d2;Int;data;web4g_dv;600.0;502.4;83.73
hp;DF;d2;Int;data;web4g_dv2;800.0;535.7;66.96
hp;DF;d2;Int;data;wip_dv;50.0;0.0;0.0
hp;DF;d2;Int;logs;ddl_dv;1.0;0.0;0.26
hp;DF;d2;Int;logs;ddl_dv2;50.0;0.04;0.08
hp;DF;d2;Int;logs;ddl_qf;1.0;0.0;0.04
hp;DF;d2;Int;logs;ddl_qf2;1.0;0.03;3.2
hp;DF;d2;Int;logs;edl_dv;1.0;0.12;11.73
hp;DF;d2;Int;logs;edl_dv2;1.0;0.17;17.16
hp;DF;d2;Int;logs;statweb4g_qf;1.0;0.0;0.0
hp;DF;d2;Int;logs;web4g_dv;10.0;3.45;34.5
hp;DF;d2;Int;logs;web4g_dv2;10.0;2.0;20.0
hp;DF;d2;Int;logs;wip_dv;5.0;0.01;0.14
hp;EN;d2;Int;data;calvados_dv;1.0;0.12;12.48
hp;EN;d2;Int;data;calvados_dv2;1.0;0.06;5.87
hp;EN;d2;Int;data;calvados_dv3;1.0;0.02;2.08
hp;EN;d2;Int;data;citrus_dv;1.0;0.06;6.32
hp;EN;d2;Int;data;esane_dv;20.0;18.36;91.8
hp;EN;d2;Int;data;esane_dv10;100.0;0.0;0.0
hp;EN;d2;Int;data;esane_dv11;100.0;0.0;0.0
hp;EN;d2;Int;data;esane_dv12;100.0;0.0;0.0
hp;EN;d2;Int;data;esane_dv2;10.0;0.55;5.53
hp;EN;d2;Int;data;esane_dv3;20.0;5.38;26.9
hp;EN;d2;Int;data;esane_dv4;150.0;37.37;24.91
hp;EN;d2;Int;data;esane_dv5;100.0;41.76;41.76
hp;EN;d2;Int;data;esane_dv6;200.0;162.3;81.15
hp;EN;d2;Int;data;esane_dv7;200.0;8.95;4.47
hp;EN;d2;Int;data;esane_dv8;250.0;8.92;3.57
hp;EN;d2;Int;data;esane_dv9;100.0;0.0;0.0
hp;EN;d2;Int;data;esanearc_dv;10.0;0.66;6.61
hp;EN;d2;Int;data;ful_dv;20.0;0.0;0.02
hp;EN;d2;Int;data;ful_dv2;20.0;4.89;24.45
hp;EN;d2;Int;data;ful_dv3;1.0;0.12;11.85
hp;EN;d2;Int;data;ful_dv4;10.0;1.44;14.4
hp;EN;d2;Int;data;iae_dv4;1.0;0.0;0.0
hp;EN;d2;Int;data;lifi3_dv;5.0;2.51;50.2
hp;EN;d2;Int;data;lifi3_dv2;5.0;4.61;92.2
hp;EN;d2;Int;data;lifi3_dv3;5.0;2.92;58.4
hp;EN;d2;Int;data;lifi3_dv4;10.0;7.13;71.3
hp;EN;d2;Int;data;oasis_dv;1.0;0.45;45.47
hp;EN;d2;Int;data;oasis_dv2;10.0;4.47;44.7
hp;EN;d2;Int;data;oasis_dv3;10.0;3.82;38.2
hp;EN;d2;Int;data;oasis_dv4;10.0;4.62;46.2
hp;EN;d2;Int;data;ocapi_dv;1.0;0.37;37.1
hp;EN;d2;Int;data;ocapi_dv2;1.0;0.02;1.59
hp;EN;d2;Int;data;ocapi_dv3;1.0;0.01;1.25
hp;EN;d2;Int;data;ocapi_dv4;1.0;0.63;63.3
hp;EN;d2;Int;data;ocapi_dv5;1.0;0.29;28.6
hp;EN;d2;Int;data;ocapi_dv6;1.0;0.0;0.0
hp;EN;d2;Int;data;octavie_dv;1.0;0.22;22.48
hp;EN;d2;Int;data;octavie_dv2;1.0;0.39;39.22
hp;EN;d2;Int;data;origami_dv;10.0;3.56;35.6
hp;EN;d2;Int;data;origami_dv2;1.0;0.12;11.86
hp;EN;d2;Int;data;origami_dv3;1.0;0.06;5.61
hp;EN;d2;Int;data;origami_dv4;1.0;0.0;0.21
hp;EN;d2;Int;data;origami_dv5;1.0;0.08;8.06
hp;EN;d2;Int;data;profilapp_dv;5.0;1.08;21.6
hp;EN;d2;Int;data;profilapp_dv2;1.0;0.47;47.35
hp;EN;d2;Int;data;profilapp_dv3;1.0;0.64;63.5
hp;EN;d2;Int;data;profilapp_dv4;5.0;1.2;24.0
hp;EN;d2;Int;data;profilapp_dv5;1.0;0.48;48.12
hp;EN;d2;Int;data;profilapp_dv6;1.0;0.36;36.07
hp;EN;d2;Int;data;profilapp_dv9;1.0;0.74;73.6
hp;EN;d2;Int;logs;calvados_dv;1.0;0.08;7.75
hp;EN;d2;Int;logs;calvados_dv2;1.0;0.48;47.63
hp;EN;d2;Int;logs;calvados_dv3;1.0;0.04;4.28
hp;EN;d2;Int;logs;citrus_dv;1.0;0.01;0.56
hp;EN;d2;Int;logs;esane_dv;1.0;0.04;4.05
hp;EN;d2;Int;logs;esane_dv10;5.0;0.0;0.0
hp;EN;d2;Int;logs;esane_dv11;5.0;0.0;0.0
hp;EN;d2;Int;logs;esane_dv12;5.0;0.0;0.0
hp;EN;d2;Int;logs;esane_dv2;1.0;0.01;1.48
hp;EN;d2;Int;logs;esane_dv3;10.0;5.39;53.9
hp;EN;d2;Int;logs;esane_dv4;5.0;2.11;42.2
hp;EN;d2;Int;logs;esane_dv5;10.0;1.05;10.5
hp;EN;d2;Int;logs;esane_dv6;5.0;4.08;81.6
hp;EN;d2;Int;logs;esane_dv7;10.0;0.65;6.5
hp;EN;d2;Int;logs;esane_dv8;10.0;0.39;3.86
hp;EN;d2;Int;logs;esane_dv9;5.0;0.0;0.0
hp;EN;d2;Int;logs;esanearc_dv;1.0;0.0;0.04
hp;EN;d2;Int;logs;ful_dv;1.0;0.0;0.0
hp;EN;d2;Int;logs;ful_dv2;1.0;0.0;0.06
hp;EN;d2;Int;logs;ful_dv3;1.0;0.0;0.0
hp;EN;d2;Int;logs;ful_dv4;1.0;0.01;1.41
hp;EN;d2;Int;logs;iae_dv4;1.0;0.0;0.0
hp;EN;d2;Int;logs;lifi3_dv;1.0;0.04;3.83
hp;EN;d2;Int;logs;lifi3_dv2;1.0;0.02;2.44
hp;EN;d2;Int;logs;lifi3_dv3;1.0;0.2;20.34
hp;EN;d2;Int;logs;lifi3_dv4;1.0;0.27;26.96
hp;EN;d2;Int;logs;oasis_dv;1.0;0.09;8.98
hp;EN;d2;Int;logs;oasis_dv2;1.0;0.0;0.05
hp;EN;d2;Int;logs;oasis_dv3;1.0;0.01;0.6
hp;EN;d2;Int;logs;oasis_dv4;1.0;0.02;2.48
hp;EN;d2;Int;logs;ocapi_dv;1.0;0.02;2.42
hp;EN;d2;Int;logs;ocapi_dv2;1.0;0.02;1.98
hp;EN;d2;Int;logs;ocapi_dv3;1.0;0.09;9.01
hp;EN;d2;Int;logs;ocapi_dv4;1.0;0.16;15.85
hp;EN;d2;Int;logs;ocapi_dv5;1.0;0.03;3.44
hp;EN;d2;Int;logs;ocapi_dv6;1.0;0.01;1.45
hp;EN;d2;Int;logs;octavie_dv;1.0;0.03;3.31
hp;EN;d2;Int;logs;octavie_dv2;1.0;0.0;0.49
hp;EN;d2;Int;logs;origami_dv;1.0;0.34;33.86
hp;EN;d2;Int;logs;origami_dv2;1.0;0.02;2.12
hp;EN;d2;Int;logs;origami_dv3;1.0;0.07;6.84
hp;EN;d2;Int;logs;origami_dv4;1.0;0.01;0.8
hp;EN;d2;Int;logs;origami_dv5;1.0;0.06;6.13
hp;EN;d2;Int;logs;profilapp_dv;5.0;0.0;0.08
hp;EN;d2;Int;logs;profilapp_dv2;1.0;0.0;0.21
hp;EN;d2;Int;logs;profilapp_dv3;1.0;0.0;0.24
hp;EN;d2;Int;logs;profilapp_dv4;1.0;0.0;0.02
hp;EN;d2;Int;logs;profilapp_dv5;1.0;0.0;0.08
hp;EN;d2;Int;logs;profilapp_dv6;1.0;0.0;0.1
hp;EN;d2;Int;logs;profilapp_dv9;1.0;0.0;0.07
hp;EP;d2;Int;data;arc_dv;30.0;19.01;63.37
hp;EP;d2;Int;data;arc_dv2;250.0;156.0;62.4
hp;EP;d2;Int;data;arccts_dv;50.0;1.92;3.84
hp;EP;d2;Int;data;arccts_dv2;100.0;13.18;13.18
hp;EP;d2;Int;data;arcdads_dv;20.0;15.11;75.55
hp;EP;d2;Int;data;arcfiscalresil_dv;1.0;1.02;101.9
hp;EP;d2;Int;data;arcpasrauresil_dv;100.0;30.19;30.19
hp;EP;d2;Int;data;arcpasrauresil_dv3;10.0;1.13;11.3
hp;EP;d2;Int;data;artemis_dv;1.0;0.19;18.61
hp;EP;d2;Int;data;artemis_dv2;5.0;1.0;20.08
hp;EP;d2;Int;data;artemis_dv3;1.0;0.04;4.01
hp;EP;d2;Int;data;artemisdads_dv;1.0;0.0;0.48
hp;EP;d2;Int;data;artemisdads_dv2;1.0;0.15;14.87
hp;EP;d2;Int;data;diane_dv;1.0;0.18;17.77
hp;EP;d2;Int;data;diane_dv2;75.0;51.39;68.52
hp;EP;d2;Int;data;dianedads_dv;1.0;0.0;0.22
hp;EP;d2;Int;data;dianedads_dv2;30.0;22.98;76.6
hp;EP;d2;Int;data;dsnflash_dv2;20.0;0.0;0.0
hp;EP;d2;Int;data;dsnflash_dv3;1.0;0.55;55.45
hp;EP;d2;Int;data;heracles_dv2;1.0;0.03;3.32
hp;EP;d2;Int;data;heracles_dv3;20.0;0.0;0.0
hp;EP;d2;Int;data;thesee_dv;100.0;1.76;1.76
hp;EP;d2;Int;data;thesee_dv2;50.0;44.63;89.26
hp;EP;d2;Int;logs;arc_dv;1.0;0.0;0.07
hp;EP;d2;Int;logs;arc_dv2;1.0;0.29;28.91
hp;EP;d2;Int;logs;arccts_dv;40.0;0.0;0.0
hp;EP;d2;Int;logs;arccts_dv2;1.0;0.0;0.1
hp;EP;d2;Int;logs;arcdads_dv;1.0;0.0;0.07
hp;EP;d2;Int;logs;arcfiscalresil_dv;1.0;0.08;7.74
hp;EP;d2;Int;logs;arcpasrauresil_dv;5.0;0.14;2.86
hp;EP;d2;Int;logs;arcpasrauresil_dv3;1.0;0.06;6.13
hp;EP;d2;Int;logs;artemis_dv;1.0;0.03;2.93
hp;EP;d2;Int;logs;artemis_dv2;5.0;1.52;30.4
hp;EP;d2;Int;logs;artemis_dv3;1.0;0.0;0.33
hp;EP;d2;Int;logs;artemisdads_dv;1.0;0.0;0.04
hp;EP;d2;Int;logs;artemisdads_dv2;1.0;0.0;0.01
hp;EP;d2;Int;logs;diane_dv;1.0;0.02;1.57
hp;EP;d2;Int;logs;diane_dv2;1.0;0.04;4.16
hp;EP;d2;Int;logs;dianedads_dv;1.0;0.0;0.04
hp;EP;d2;Int;logs;dianedads_dv2;1.0;0.02;2.47
hp;EP;d2;Int;logs;dsnflash_dv2;1.0;0.01;1.46
hp;EP;d2;Int;logs;dsnflash_dv3;1.0;0.21;21.21
hp;EP;d2;Int;logs;heracles_dv2;1.0;0.0;0.47
hp;EP;d2;Int;logs;heracles_dv3;1.0;0.19;19.48
hp;EP;d2;Int;logs;thesee_dv;1.0;0.01;1.37
hp;EP;d2;Int;logs;thesee_dv2;1.0;0.03;2.8
hp;ET;d2;Int;data;eristats_qf;1.0;0.03;2.63
hp;ET;d2;Int;logs;eristats_qf;1.0;0.0;0.0
hp;GE;d2;Int;data;creacartes_dv;5.0;0.0;0.0
hp;GE;d2;Int;data;creacartes_dv2;50.0;25.36;50.72
hp;GE;d2;Int;data;creacartes_dv3;50.0;28.22;56.44
hp;GE;d2;Int;data;gaia_dv;150.0;21.46;14.31
hp;GE;d2;Int;data;gaia_dv2;150.0;43.76;29.17
hp;GE;d2;Int;data;gaia_dv3;10.0;5.28;52.8
hp;GE;d2;Int;data;geoloc_dv;15.0;1.77;11.8
hp;GE;d2;Int;data;geoloc_dv2;15.0;5.01;33.4
hp;GE;d2;Int;data;geoloc_dv3;15.0;1.67;11.13
hp;GE;d2;Int;data;geoloc_dv4;15.0;3.43;22.87
hp;GE;d2;Int;data;refigeo2_dv;2.0;0.84;42.1
hp;GE;d2;Int;data;refigeo2_dv2;2.0;1.11;55.5
hp;GE;d2;Int;data;refigeo2_dv3;2.0;0.89;44.73
hp;GE;d2;Int;logs;creacartes_dv;1.0;0.01;1.15
hp;GE;d2;Int;logs;creacartes_dv2;1.0;0.0;0.09
hp;GE;d2;Int;logs;creacartes_dv3;1.0;0.0;0.08
hp;GE;d2;Int;logs;gaia_dv;1.0;0.03;2.76
hp;GE;d2;Int;logs;gaia_dv2;1.0;0.02;1.64
hp;GE;d2;Int;logs;gaia_dv3;1.0;0.03;2.88
hp;GE;d2;Int;logs;geoloc_dv;1.0;0.03;2.86
hp;GE;d2;Int;logs;geoloc_dv2;1.0;0.05;5.05
hp;GE;d2;Int;logs;geoloc_dv3;1.0;0.06;6.23
hp;GE;d2;Int;logs;geoloc_dv4;1.0;0.04;4.03
hp;GE;d2;Int;logs;refigeo2_dv;1.0;0.0;0.0
hp;GE;d2;Int;logs;refigeo2_dv2;1.0;0.0;0.13
hp;GE;d2;Int;logs;refigeo2_dv3;1.0;0.0;0.01
hp;MN;d2;Int;data;avalem_qf;1.0;0.0;0.0
hp;MN;d2;Int;data;baffil_dv;50.0;4.78;9.56
hp;MN;d2;Int;data;baffil_dv2;1000.0;986.7;98.67
hp;MN;d2;Int;data;baffil_dv3;500.0;381.4;76.28
hp;MN;d2;Int;data;blaise5_dv;10.0;0.0;0.0
hp;MN;d2;Int;data;blaise5_qf;20.0;19.36;96.8
hp;MN;d2;Int;data;blaiseis_dv;10.0;0.0;0.0
hp;MN;d2;Int;data;capi3g_dv;1.0;0.26;25.6
hp;MN;d2;Int;data;capi_dv;1.0;0.28;27.5
hp;MN;d2;Int;data;capi_qf;5.0;1.12;22.4
hp;MN;d2;Int;data;eec3_dv;10.0;6.98;69.8
hp;MN;d2;Int;data;eec3_dv2;10.0;5.71;57.1
hp;MN;d2;Int;data;eec3_dv3;10.0;1.0;10.0
hp;MN;d2;Int;data;eec3_dv5;10.0;0.84;8.39
hp;MN;d2;Int;data;fideli2_dv;50.0;2.65;5.3
hp;MN;d2;Int;data;fideli2_dv2;500.0;487.9;97.58
hp;MN;d2;Int;data;fideli2_dv3;500.0;7.11;1.42
hp;MN;d2;Int;data;filosofi2_dv;5.0;4.38;87.6
hp;MN;d2;Int;data;infocent_dv;10.0;0.92;9.19
hp;MN;d2;Int;data;infocent_qf;1.0;0.09;9.31
hp;MN;d2;Int;data;infocentre_dv;1.0;0.0;0.0
hp;MN;d2;Int;data;infocentre_dv2;1.0;0.01;0.53
hp;MN;d2;Int;data;melauto_dv2;1.0;0.0;0.13
hp;MN;d2;Int;data;nautile_dv;300.0;94.07;31.36
hp;MN;d2;Int;data;nautile_dv2;1.0;0.0;0.0
hp;MN;d2;Int;data;nautile_dv3;1.0;0.0;0.0
hp;MN;d2;Int;data;opale_dv;10.0;4.33;43.3
hp;MN;d2;Int;data;opale_dv2;1.0;0.4;40.04
hp;MN;d2;Int;data;opale_dv3;1.0;0.21;20.95
hp;MN;d2;Int;data;prvempl_dv;1.0;0.16;15.69
hp;MN;d2;Int;data;prvempl_dv2;1.0;0.09;9.12
hp;MN;d2;Int;data;prvempl_dv3;1.0;0.0;0.0
hp;MN;d2;Int;data;prvform_dv;1.0;0.04;3.83
hp;MN;d2;Int;data;prvform_dv2;1.0;0.01;1.33
hp;MN;d2;Int;data;queen_dv;1.0;0.02;1.92
hp;MN;d2;Int;data;queen_dv2;1.0;0.73;73.15
hp;MN;d2;Int;data;queen_dv3;1.0;0.08;8.08
hp;MN;d2;Int;data;queen_dv4;1.0;0.0;0.0
hp;MN;d2;Int;data;rapsodie_dv;1.0;0.0;0.0
hp;MN;d2;Int;data;sabiane_dv;5.0;0.23;4.58
hp;MN;d2;Int;data;sabiane_dv2;1.0;0.52;52.05
hp;MN;d2;Int;data;sabiane_dv3;1.0;0.1;10.28
hp;MN;d2;Int;data;sabiane_dv4;1.0;0.0;0.01
hp;MN;d2;Int;logs;avalem_qf;1.0;0.0;0.0
hp;MN;d2;Int;logs;baffil_dv;1.0;0.0;0.13
hp;MN;d2;Int;logs;baffil_dv2;1.0;0.02;1.64
hp;MN;d2;Int;logs;baffil_dv3;1.0;0.01;0.9
hp;MN;d2;Int;logs;blaise5_dv;1.0;0.0;0.0
hp;MN;d2;Int;logs;blaise5_qf;1.0;0.0;0.0
hp;MN;d2;Int;logs;blaiseis_dv;1.0;0.0;0.0
hp;MN;d2;Int;logs;capi3g_dv;1.0;0.0;0.0
hp;MN;d2;Int;logs;capi_dv;1.0;0.0;0.0
hp;MN;d2;Int;logs;capi_qf;1.0;0.0;0.0
hp;MN;d2;Int;logs;eec3_dv;1.0;0.0;0.0
hp;MN;d2;Int;logs;eec3_dv2;1.0;0.01;1.1
hp;MN;d2;Int;logs;eec3_dv3;1.0;0.0;0.0
hp;MN;d2;Int;logs;eec3_dv5;1.0;0.0;0.0
hp;MN;d2;Int;logs;fideli2_dv;1.0;0.0;0.04
hp;MN;d2;Int;logs;fideli2_dv2;1.0;0.02;1.64
hp;MN;d2;Int;logs;fideli2_dv3;1.0;0.01;0.7
hp;MN;d2;Int;logs;filosofi2_dv;5.0;0.0;0.05
hp;MN;d2;Int;logs;infocent_dv;1.0;0.01;0.5
hp;MN;d2;Int;logs;infocent_qf;1.0;0.0;0.0
hp;MN;d2;Int;logs;infocentre_dv;1.0;0.0;0.0
hp;MN;d2;Int;logs;infocentre_dv2;1.0;0.01;1.46
hp;MN;d2;Int;logs;melauto_dv2;1.0;0.0;0.0
hp;MN;d2;Int;logs;nautile_dv;5.0;0.07;1.32
hp;MN;d2;Int;logs;nautile_dv2;1.0;0.0;0.0
hp;MN;d2;Int;logs;nautile_dv3;1.0;0.06;6.2
hp;MN;d2;Int;logs;opale_dv;5.0;0.42;8.49
hp;MN;d2;Int;logs;opale_dv2;1.0;0.14;14.42
hp;MN;d2;Int;logs;opale_dv3;1.0;0.17;17.03
hp;MN;d2;Int;logs;prvempl_dv;1.0;0.11;11.37
hp;MN;d2;Int;logs;prvempl_dv2;1.0;0.03;3.25
hp;MN;d2;Int;logs;prvempl_dv3;1.0;0.0;0.0
hp;MN;d2;Int;logs;prvform_dv;1.0;0.0;0.27
hp;MN;d2;Int;logs;prvform_dv2;1.0;0.0;0.19
hp;MN;d2;Int;logs;queen_dv;1.0;0.01;1.35
hp;MN;d2;Int;logs;queen_dv2;1.0;0.06;5.69
hp;MN;d2;Int;logs;queen_dv3;1.0;0.12;11.85
hp;MN;d2;Int;logs;queen_dv4;1.0;0.0;0.12
hp;MN;d2;Int;logs;rapsodie_dv;1.0;0.0;0.0
hp;MN;d2;Int;logs;sabiane_dv;5.0;0.18;3.53
hp;MN;d2;Int;logs;sabiane_dv2;1.0;0.43;43.25
hp;MN;d2;Int;logs;sabiane_dv3;1.0;0.16;15.54
hp;MN;d2;Int;logs;sabiane_dv4;1.0;0.01;1.4
hp;PL;d2;Int;data;archimed_dv;1.0;0.28;27.64
hp;PL;d2;Int;data;archimed_dv2;1.0;0.0;0.0
hp;PL;d2;Int;data;athenes_dv;1.0;0.0;0.0
hp;PL;d2;Int;data;athenes_dv2;1.0;0.0;0.0
hp;PL;d2;Int;data;contentieux_dv;2.0;0.16;8.14
hp;PL;d2;Int;data;figaro_dv;10.0;8.71;87.1
hp;PL;d2;Int;data;figaro_dv2;6.0;5.42;90.33
hp;PL;d2;Int;data;gecocour_dv;1.0;0.01;1.43
hp;PL;d2;Int;data;gecocour_dv2;1.0;0.0;0.23
hp;PL;d2;Int;data;gecoentr_dv;10.0;1.36;13.6
hp;PL;d2;Int;data;gecoentr_dv2;1.0;0.08;7.58
hp;PL;d2;Int;data;gemini_dv;1.0;0.0;0.0
hp;PL;d2;Int;data;pilot_dv;1.0;0.12;12.42
hp;PL;d2;Int;data;pilotdon_dv;1.0;0.0;0.0
hp;PL;d2;Int;logs;archimed_dv;1.0;0.0;0.06
hp;PL;d2;Int;logs;archimed_dv2;1.0;0.0;0.0
hp;PL;d2;Int;logs;athenes_dv;1.0;0.05;5.22
hp;PL;d2;Int;logs;athenes_dv2;1.0;0.05;5.12
hp;PL;d2;Int;logs;contentieux_dv;1.0;0.04;4.05
hp;PL;d2;Int;logs;figaro_dv;10.0;1.39;13.9
hp;PL;d2;Int;logs;figaro_dv2;5.0;0.56;11.14
hp;PL;d2;Int;logs;gecocour_dv;1.0;0.0;0.4
hp;PL;d2;Int;logs;gecocour_dv2;1.0;0.0;0.24
hp;PL;d2;Int;logs;gecoentr_dv;1.0;0.14;13.88
hp;PL;d2;Int;logs;gecoentr_dv2;1.0;0.1;9.68
hp;PL;d2;Int;logs;gemini_dv;1.0;0.02;1.81
hp;PL;d2;Int;logs;pilot_dv;1.0;0.14;13.93
hp;PL;d2;Int;logs;pilotdon_dv;1.0;0.0;0.06
hp;PX;d2;Int;data;collecteprix_dv;1.0;0.03;3.32
hp;PX;d2;Int;data;collecteprix_dv2;10.0;0.3;3.04
hp;PX;d2;Int;data;collecteprix_dv3;1.0;0.0;0.0
hp;PX;d2;Int;data;collecteprix_dv4;1.0;0.02;1.54
hp;PX;d2;Int;data;collecteprix_qf4;5.0;0.06;1.16
hp;PX;d2;Int;data;ddc_dv;10.0;1.36;13.6
hp;PX;d2;Int;data;ddc_dv2;1.0;0.2;19.84
hp;PX;d2;Int;data;ddc_dv3;1.0;0.69;68.99
hp;PX;d2;Int;data;ddc_dv5;1.0;0.0;0.0
hp;PX;d2;Int;data;enquetesprix_dv;1.0;0.03;2.61
hp;PX;d2;Int;data;enquetesprix_dv2;1.0;0.07;6.69
hp;PX;d2;Int;data;enquetesprix_dv3;1.0;0.05;4.81
hp;PX;d2;Int;data;enquetesprix_dv4;1.0;0.0;0.0
hp;PX;d2;Int;data;enquetesprix_qf;1.0;0.0;0.0
hp;PX;d2;Int;data;prismeipc_dv;5.0;0.0;0.0
hp;PX;d2;Int;data;prismeipc_dv2;10.0;0.04;0.4
hp;PX;d2;Int;data;prismeipc_dv3;1.0;0.0;0.0
hp;PX;d2;Int;data;prismeipc_dv4;1.0;0.0;0.0
hp;PX;d2;Int;data;prismeipc_dv6;1.0;0.0;0.0
hp;PX;d2;Int;data;prismeipc_dv7;1.0;0.0;0.49
hp;PX;d2;Int;data;prismeipc_dv8;1.0;0.0;0.49
hp;PX;d2;Int;data;prismeipc_dv9;1.0;0.01;0.95
hp;PX;d2;Int;data;prismeipc_dva;1.0;0.0;0.0
hp;PX;d2;Int;data;prismeipc_qf;5.0;0.0;0.0
hp;PX;d2;Int;logs;collecteprix_dv;1.0;0.01;0.68
hp;PX;d2;Int;logs;collecteprix_dv2;1.0;0.05;4.84
hp;PX;d2;Int;logs;collecteprix_dv3;1.0;0.02;1.72
hp;PX;d2;Int;logs;collecteprix_dv4;1.0;0.03;2.84
hp;PX;d2;Int;logs;collecteprix_qf4;1.0;0.0;0.0
hp;PX;d2;Int;logs;ddc_dv;1.0;0.0;0.09
hp;PX;d2;Int;logs;ddc_dv2;1.0;0.0;0.01
hp;PX;d2;Int;logs;ddc_dv3;1.0;0.37;36.59
hp;PX;d2;Int;logs;ddc_dv5;1.0;0.0;0.0
hp;PX;d2;Int;logs;enquetesprix_dv;1.0;0.0;0.37
hp;PX;d2;Int;logs;enquetesprix_dv2;1.0;0.0;0.48
hp;PX;d2;Int;logs;enquetesprix_dv3;1.0;0.0;0.4
hp;PX;d2;Int;logs;enquetesprix_dv4;1.0;0.0;0.17
hp;PX;d2;Int;logs;enquetesprix_qf;1.0;0.0;0.0
hp;PX;d2;Int;logs;prismeipc_dv;5.0;0.0;0.07
hp;PX;d2;Int;logs;prismeipc_dv2;1.0;0.01;0.54
hp;PX;d2;Int;logs;prismeipc_dv3;1.0;0.0;0.43
hp;PX;d2;Int;logs;prismeipc_dv4;1.0;0.0;0.47
hp;PX;d2;Int;logs;prismeipc_dv6;1.0;0.0;0.35
hp;PX;d2;Int;logs;prismeipc_dv7;1.0;0.0;0.0
hp;PX;d2;Int;logs;prismeipc_dv8;1.0;0.0;0.0
hp;PX;d2;Int;logs;prismeipc_dv9;1.0;0.0;0.01
hp;PX;d2;Int;logs;prismeipc_dva;1.0;0.0;0.0
hp;PX;d2;Int;logs;prismeipc_qf;1.0;0.0;0.0
hp;RE;d2;Int;data;api_manager_qf;10.0;4.37;43.7
hp;RE;d2;Int;data;apisiren_dv;10.0;0.03;0.28
hp;RE;d2;Int;data;apisirene_dv;1.0;0.0;0.14
hp;RE;d2;Int;data;apisirene_dv2;40.0;26.29;65.72
hp;RE;d2;Int;data;apisirene_dv3;40.0;10.38;25.95
hp;RE;d2;Int;data;apisirene_dv4;1.0;0.24;23.89
hp;RE;d2;Int;data;lei_dv;150.0;46.12;30.75
hp;RE;d2;Int;data;lei_dv2;50.0;36.48;72.96
hp;RE;d2;Int;data;lei_dv3;50.0;4.53;9.06
hp;RE;d2;Int;data;orus_dv;25.0;8.03;32.12
hp;RE;d2;Int;data;orus_dv2;1.0;0.48;47.53
hp;RE;d2;Int;data;orus_dv3;1.0;0.68;67.7
hp;RE;d2;Int;data;side_dv;4.0;2.12;53.0
hp;RE;d2;Int;data;side_dv2;10.0;2.53;25.3
hp;RE;d2;Int;data;sirene4_dv;50.0;0.01;0.03
hp;RE;d2;Int;data;sirene4_dv2;50.0;0.07;0.14
hp;RE;d2;Int;data;sirene4_dv3;50.0;0.05;0.1
hp;RE;d2;Int;data;sirene4_dv4;50.0;0.01;0.02
hp;RE;d2;Int;data;sirene4_dv5;1.0;0.01;0.92
hp;RE;d2;Int;data;sirene4_dv6;1.0;0.07;7.21
hp;RE;d2;Int;data;sirene4declaration_dv;1.0;0.12;11.54
hp;RE;d2;Int;data;sirene4declaration_dv2;10.0;0.61;6.12
hp;RE;d2;Int;data;sirene4declaration_dv3;1.0;0.05;5.16
hp;RE;d2;Int;data;sirene4declaration_dv4;1.0;0.18;18.43
hp;RE;d2;Int;data;sirene4declaration_dv5;1.0;0.01;0.62
hp;RE;d2;Int;data;sirene4declaration_dv6;1.0;0.02;2.5
hp;RE;d2;Int;data;sirene4gestion_dv;1.0;0.0;0.01
hp;RE;d2;Int;data;sirene4gestion_dv2;1.0;0.0;0.01
hp;RE;d2;Int;data;sirene4services_dv;10.0;6.38;63.8
hp;RE;d2;Int;data;sirene4services_dv2;10.0;3.67;36.7
hp;RE;d2;Int;data;sirene4services_dv3;10.0;3.66;36.6
hp;RE;d2;Int;data;sirene4services_dv4;5.0;0.95;19.01
hp;RE;d2;Int;data;sirene4services_dv5;5.0;0.95;19.04
hp;RE;d2;Int;data;sirene4services_dv6;5.0;0.95;18.99
hp;RE;d2;Int;data;sirus_dv;100.0;21.58;21.58
hp;RE;d2;Int;data;sirus_dv2;100.0;18.36;18.36
hp;RE;d2;Int;data;sirus_dv3;100.0;51.76;51.76
hp;RE;d2;Int;data;sirus_dv4;100.0;51.07;51.07
hp;RE;d2;Int;data;syracuse_dv;40.0;27.72;69.3
hp;RE;d2;Int;logs;api_manager_qf;10.0;0.76;7.59
hp;RE;d2;Int;logs;apisiren_dv;1.0;0.31;31.17
hp;RE;d2;Int;logs;apisirene_dv;1.0;0.03;2.56
hp;RE;d2;Int;logs;apisirene_dv2;5.0;1.22;24.4
hp;RE;d2;Int;logs;apisirene_dv3;5.0;0.24;4.83
hp;RE;d2;Int;logs;apisirene_dv4;1.0;0.0;0.0
hp;RE;d2;Int;logs;lei_dv;20.0;1.51;7.55
hp;RE;d2;Int;logs;lei_dv2;20.0;0.49;2.43
hp;RE;d2;Int;logs;lei_dv3;20.0;0.02;0.12
hp;RE;d2;Int;logs;orus_dv;5.0;0.0;0.08
hp;RE;d2;Int;logs;orus_dv2;1.0;0.05;5.12
hp;RE;d2;Int;logs;orus_dv3;1.0;0.03;3.37
hp;RE;d2;Int;logs;side_dv;1.0;0.0;0.36
hp;RE;d2;Int;logs;side_dv2;5.0;0.09;1.78
hp;RE;d2;Int;logs;sirene4_dv;1.0;0.17;16.7
hp;RE;d2;Int;logs;sirene4_dv2;1.0;0.39;38.97
hp;RE;d2;Int;logs;sirene4_dv3;1.0;0.03;3.38
hp;RE;d2;Int;logs;sirene4_dv4;1.0;0.04;3.71
hp;RE;d2;Int;logs;sirene4_dv5;1.0;0.03;3.48
hp;RE;d2;Int;logs;sirene4_dv6;1.0;0.14;13.87
hp;RE;d2;Int;logs;sirene4declaration_dv;5.0;0.0;0.08
hp;RE;d2;Int;logs;sirene4declaration_dv2;1.0;0.01;1.47
hp;RE;d2;Int;logs;sirene4declaration_dv3;1.0;0.0;0.37
hp;RE;d2;Int;logs;sirene4declaration_dv4;1.0;0.01;0.57
hp;RE;d2;Int;logs;sirene4declaration_dv5;1.0;0.0;0.12
hp;RE;d2;Int;logs;sirene4declaration_dv6;1.0;0.0;0.13
hp;RE;d2;Int;logs;sirene4gestion_dv;1.0;0.0;0.03
hp;RE;d2;Int;logs;sirene4gestion_dv2;1.0;0.0;0.01
hp;RE;d2;Int;logs;sirene4services_dv;10.0;0.0;0.01
hp;RE;d2;Int;logs;sirene4services_dv2;1.0;0.0;0.19
hp;RE;d2;Int;logs;sirene4services_dv3;1.0;0.0;0.12
hp;RE;d2;Int;logs;sirene4services_dv4;1.0;0.0;0.07
hp;RE;d2;Int;logs;sirene4services_dv5;1.0;0.0;0.11
hp;RE;d2;Int;logs;sirene4services_dv6;1.0;0.0;0.09
hp;RE;d2;Int;logs;sirus_dv;15.0;1.44;9.6
hp;RE;d2;Int;logs;sirus_dv2;15.0;1.81;12.07
hp;RE;d2;Int;logs;sirus_dv3;5.0;1.97;39.4
hp;RE;d2;Int;logs;sirus_dv4;15.0;0.47;3.12
hp;RE;d2;Int;logs;syracuse_dv;1.0;0.14;13.76
hp;RH;d2;Int;data;apirh_dv;1.0;0.05;4.72
hp;RH;d2;Int;data;apirh_dv2;1.0;0.01;1.17
hp;RH;d2;Int;data;apirh_dv3;1.0;0.0;0.0
hp;RH;d2;Int;data;baseressources_dv;10.0;0.0;0.0
hp;RH;d2;Int;data;calia_dv;1.0;0.0;0.37
hp;RH;d2;Int;data;equilibr_dv;1.0;0.0;0.0
hp;RH;d2;Int;data;geneppi_dv;1.0;0.16;15.52
hp;RH;d2;Int;data;geneppi_dv2;1.0;0.07;6.6
hp;RH;d2;Int;data;geneppi_dv3;1.0;0.02;2.11
hp;RH;d2;Int;data;mouvin_dv;1.0;0.01;0.59
hp;RH;d2;Int;data;mouvin_dv2;1.0;0.01;0.91
hp;RH;d2;Int;data;mouvin_dv3;1.0;0.0;0.44
hp;RH;d2;Int;data;mouvin_dv4;1.0;0.0;0.0
hp;RH;d2;Int;data;orfee_dv;1.0;0.0;0.0
hp;RH;d2;Int;data;sirhius_dv2;50.0;44.07;88.14
hp;RH;d2;Int;logs;apirh_dv;10.0;0.0;0.01
hp;RH;d2;Int;logs;apirh_dv2;10.0;0.0;0.01
hp;RH;d2;Int;logs;apirh_dv3;1.0;0.0;0.0
hp;RH;d2;Int;logs;baseressources_dv;10.0;0.01;0.06
hp;RH;d2;Int;logs;calia_dv;1.0;0.02;1.94
hp;RH;d2;Int;logs;equilibr_dv;10.0;0.0;0.01
hp;RH;d2;Int;logs;geneppi_dv;1.0;0.0;0.0
hp;RH;d2;Int;logs;geneppi_dv2;1.0;0.0;0.0
hp;RH;d2;Int;logs;geneppi_dv3;1.0;0.0;0.0
hp;RH;d2;Int;logs;mouvin_dv;1.0;0.0;0.11
hp;RH;d2;Int;logs;mouvin_dv2;1.0;0.0;0.12
hp;RH;d2;Int;logs;mouvin_dv3;1.0;0.0;0.13
hp;RH;d2;Int;logs;mouvin_dv4;10.0;0.0;0.01
hp;RH;d2;Int;logs;orfee_dv;1.0;0.0;0.0
hp;RH;d2;Int;logs;sirhius_dv2;2.0;0.0;0.0
hp;RI;d2;Int;data;aireppnet_dv;5.0;0.0;0.01
hp;RI;d2;Int;data;aireppnet_dv2;2.0;0.0;0.01
hp;RI;d2;Int;data;am3ds_dv;100.0;18.95;18.95
hp;RI;d2;Int;data;brpp2_dv;30.0;19.38;64.6
hp;RI;d2;Int;data;brpp_dv;30.0;8.33;27.77
hp;RI;d2;Int;data;brpp_dv2;10.0;7.2;72.0
hp;RI;d2;Int;data;brpp_dv3;10.0;2.21;22.1
hp;RI;d2;Int;data;brpp_dv4;5.0;3.8;76.0
hp;RI;d2;Int;data;brpp_dv5;10.0;7.14;71.4
hp;RI;d2;Int;data;brpp_dv6;10.0;4.6;46.0
hp;RI;d2;Int;data;brpp_dv7;10.0;0.87;8.72
hp;RI;d2;Int;data;brpp_qf2;10.0;5.48;54.8
hp;RI;d2;Int;data;csns_dv;10.0;1.59;15.9
hp;RI;d2;Int;data;csns_dv3;5.0;3.37;67.4
hp;RI;d2;Int;data;csns_qf;10.0;0.33;3.32
hp;RI;d2;Int;data;csns_qf2;5.0;0.0;0.0
hp;RI;d2;Int;data;csns_qf3;5.0;0.0;0.0
hp;RI;d2;Int;data;edp_dv;400.0;223.2;55.8
hp;RI;d2;Int;data;edp_dv2;100.0;50.75;50.75
hp;RI;d2;Int;data;elire_dv;50.0;26.65;53.3
hp;RI;d2;Int;data;elire_dv2;1.0;0.49;48.95
hp;RI;d2;Int;data;elire_dv3;1.0;0.31;31.16
hp;RI;d2;Int;data;elire_dv4;1.0;0.26;25.51
hp;RI;d2;Int;data;elire_dv5;1.0;0.33;33.34
hp;RI;d2;Int;data;elire_dv6;1.0;0.64;64.22
hp;RI;d2;Int;data;elire_qf7;400.0;51.65;12.91
hp;RI;d2;Int;data;resil_dv;100.0;13.44;13.44
hp;RI;d2;Int;data;resil_dv3;100.0;0.0;0.0
hp;RI;d2;Int;logs;aireppnet_dv;1.0;0.01;0.76
hp;RI;d2;Int;logs;aireppnet_dv2;1.0;0.01;0.66
hp;RI;d2;Int;logs;am3ds_dv;1.0;0.0;0.0
hp;RI;d2;Int;logs;brpp2_dv;1.0;0.0;0.0
hp;RI;d2;Int;logs;brpp_dv;1.0;0.14;14.03
hp;RI;d2;Int;logs;brpp_dv2;1.0;0.14;13.61
hp;RI;d2;Int;logs;brpp_dv3;1.0;0.05;5.21
hp;RI;d2;Int;logs;brpp_dv4;1.0;0.36;35.53
hp;RI;d2;Int;logs;brpp_dv5;1.0;0.13;12.63
hp;RI;d2;Int;logs;brpp_dv6;1.0;0.07;6.57
hp;RI;d2;Int;logs;brpp_dv7;1.0;0.21;20.98
hp;RI;d2;Int;logs;brpp_qf2;1.0;0.0;0.0
hp;RI;d2;Int;logs;csns_dv;1.0;0.36;36.12
hp;RI;d2;Int;logs;csns_dv3;5.0;0.47;9.4
hp;RI;d2;Int;logs;csns_qf;1.0;0.04;3.95
hp;RI;d2;Int;logs;csns_qf2;1.0;0.0;0.0
hp;RI;d2;Int;logs;csns_qf3;5.0;0.0;0.0
hp;RI;d2;Int;logs;edp_dv;1.0;0.0;0.21
hp;RI;d2;Int;logs;edp_dv2;1.0;0.07;7.27
hp;RI;d2;Int;logs;elire_dv;1.0;0.15;15.23
hp;RI;d2;Int;logs;elire_dv2;1.0;0.42;42.16
hp;RI;d2;Int;logs;elire_dv3;1.0;0.01;0.51
hp;RI;d2;Int;logs;elire_dv4;1.0;0.0;0.0
hp;RI;d2;Int;logs;elire_dv5;1.0;0.05;4.77
hp;RI;d2;Int;logs;elire_dv6;1.0;0.08;7.7
hp;RI;d2;Int;logs;elire_qf7;5.0;0.0;0.0
hp;RI;d2;Int;logs;resil_dv;1.0;0.0;0.0
hp;RI;d2;Int;logs;resil_dv3;1.0;0.0;0.0
hp;RP;d2;Int;data;achille_dv;50.0;13.61;27.22
hp;RP;d2;Int;data;achille_dv2;50.0;0.08;0.16
hp;RP;d2;Int;data;bpe2_dv2;15.0;3.76;25.07
hp;RP;d2;Int;data;bpe2_dv3;15.0;5.41;36.07
hp;RP;d2;Int;data;census_dv;20.0;3.81;19.05
hp;RP;d2;Int;data;homere_dv;1.0;0.81;81.32
hp;RP;d2;Int;data;homere_dv2;1.0;0.0;0.19
hp;RP;d2;Int;data;homere_dv3;1.0;0.75;74.86
hp;RP;d2;Int;data;homere_dv4;1.0;0.01;0.81
hp;RP;d2;Int;data;homere_dv5;1.0;0.09;9.45
hp;RP;d2;Int;data;homere_dv6;1.0;0.12;12.41
hp;RP;d2;Int;data;homere_dv7;1.0;0.0;0.0
hp;RP;d2;Int;data;homere_dv8;1.0;0.11;10.96
hp;RP;d2;Int;data;itac_dv;1.0;0.0;0.19
hp;RP;d2;Int;data;itac_dv2;1.0;0.0;0.23
hp;RP;d2;Int;data;itac_dv3;1.0;0.0;0.0
hp;RP;d2;Int;data;odic_dv;100.0;53.49;53.49
hp;RP;d2;Int;data;odic_dv2;1.0;0.87;87.4
hp;RP;d2;Int;data;odic_dv3;700.0;400.0;57.14
hp;RP;d2;Int;data;odic_dv4;1.0;0.0;0.0
hp;RP;d2;Int;data;odic_dv5;5.0;0.0;0.0
hp;RP;d2;Int;data;odic_dv6;400.0;2.32;0.58
hp;RP;d2;Int;data;odic_dv7;1.0;0.78;77.85
hp;RP;d2;Int;data;omphale_dv;5.0;1.31;26.2
hp;RP;d2;Int;data;omphale_dv2;1.0;0.02;2.5
hp;RP;d2;Int;data;p1_dv;5.0;1.02;20.4
hp;RP;d2;Int;data;p1_dv2;5.0;1.98;39.6
hp;RP;d2;Int;data;p7_dv;20.0;12.86;64.3
hp;RP;d2;Int;data;popleg_dv;10.0;1.72;17.2
hp;RP;d2;Int;data;popleg_dv2;1.0;0.0;0.0
hp;RP;d2;Int;data;rca_dv;1.0;0.0;0.0
hp;RP;d2;Int;data;rca_dv2;1.0;0.37;37.28
hp;RP;d2;Int;data;rca_dv3;1.0;0.0;0.0
hp;RP;d2;Int;data;rca_dv4;1.0;0.0;0.0
hp;RP;d2;Int;data;rorcal_dv;10.0;0.37;3.7
hp;RP;d2;Int;data;rorcal_dv2;5.0;1.45;29.0
hp;RP;d2;Int;data;rorcal_dv3;1.0;0.02;2.05
hp;RP;d2;Int;data;rorcal_dv4;1.0;0.0;0.0
hp;RP;d2;Int;data;rpetmoi_dv;10.0;0.0;0.0
hp;RP;d2;Int;data;rpetmoi_dv2;1.0;0.0;0.0
hp;RP;d2;Int;logs;achille_dv;5.0;0.01;0.18
hp;RP;d2;Int;logs;achille_dv2;1.0;0.03;2.65
hp;RP;d2;Int;logs;bpe2_dv2;1.0;0.02;2.24
hp;RP;d2;Int;logs;bpe2_dv3;1.0;0.0;0.24
hp;RP;d2;Int;logs;census_dv;1.0;0.0;0.0
hp;RP;d2;Int;logs;homere_dv;50.0;0.42;0.83
hp;RP;d2;Int;logs;homere_dv2;1.0;0.0;0.05
hp;RP;d2;Int;logs;homere_dv3;1.0;0.0;0.09
hp;RP;d2;Int;logs;homere_dv4;1.0;0.02;1.88
hp;RP;d2;Int;logs;homere_dv5;1.0;0.01;1.29
hp;RP;d2;Int;logs;homere_dv6;1.0;0.28;27.74
hp;RP;d2;Int;logs;homere_dv7;1.0;0.0;0.34
hp;RP;d2;Int;logs;homere_dv8;1.0;0.0;0.06
hp;RP;d2;Int;logs;itac_dv;1.0;0.0;0.0
hp;RP;d2;Int;logs;itac_dv2;1.0;0.0;0.0
hp;RP;d2;Int;logs;itac_dv3;1.0;0.0;0.0
hp;RP;d2;Int;logs;odic_dv;1.0;0.0;0.01
hp;RP;d2;Int;logs;odic_dv2;1.0;0.0;0.0
hp;RP;d2;Int;logs;odic_dv3;1.0;0.0;0.0
hp;RP;d2;Int;logs;odic_dv4;1.0;0.0;0.0
hp;RP;d2;Int;logs;odic_dv5;1.0;0.0;0.0
hp;RP;d2;Int;logs;odic_dv6;1.0;0.0;0.0
hp;RP;d2;Int;logs;odic_dv7;1.0;0.0;0.0
hp;RP;d2;Int;logs;omphale_dv;1.0;0.0;0.12
hp;RP;d2;Int;logs;omphale_dv2;1.0;0.0;0.0
hp;RP;d2;Int;logs;p1_dv;1.0;0.0;0.0
hp;RP;d2;Int;logs;p1_dv2;1.0;0.0;0.0
hp;RP;d2;Int;logs;p7_dv;1.0;0.0;0.0
hp;RP;d2;Int;logs;popleg_dv;1.0;0.0;0.04
hp;RP;d2;Int;logs;popleg_dv2;1.0;0.0;0.0
hp;RP;d2;Int;logs;rca_dv;1.0;0.05;5.16
hp;RP;d2;Int;logs;rca_dv2;1.0;0.01;1.47
hp;RP;d2;Int;logs;rca_dv3;1.0;0.02;1.68
hp;RP;d2;Int;logs;rca_dv4;1.0;0.01;1.04
hp;RP;d2;Int;logs;rorcal_dv;1.0;0.22;21.61
hp;RP;d2;Int;logs;rorcal_dv2;1.0;0.08;8.16
hp;RP;d2;Int;logs;rorcal_dv3;1.0;0.03;3.09
hp;RP;d2;Int;logs;rorcal_dv4;1.0;0.05;5.37
hp;RP;d2;Int;logs;rpetmoi_dv;1.0;0.0;0.03
hp;RP;d2;Int;logs;rpetmoi_dv2;1.0;0.0;0.03
hp;ST;d2;Int;data;bangles_dv;1.0;0.0;0.0
hp;ST;d2;Int;data;beatles_dv;1.0;0.0;0.03
hp;ST;d2;Int;data;beatles_dv2;1.0;0.0;0.04
hp;ST;d2;Int;data;beatles_dv3;1.0;0.06;5.56
hp;ST;d2;Int;data;coltrane_dv;10.0;0.0;0.0
hp;ST;d2;Int;data;coltrane_dv2;1.0;0.51;50.8
hp;ST;d2;Int;data;coltrane_dv3;5.0;4.55;91.0
hp;ST;d2;Int;data;coltrane_dv4;1.0;0.04;4.41
hp;ST;d2;Int;data;coltrane_dv5;1.0;0.01;0.94
hp;ST;d2;Int;data;coltrane_qf;10.0;0.0;0.0
hp;ST;d2;Int;data;coltrane_qf2;50.0;0.54;1.07
hp;ST;d2;Int;data;eno_dv;1.0;0.0;0.0
hp;ST;d2;Int;data;eno_dv2;1.0;0.0;0.0
hp;ST;d2;Int;data;eno_dv3;1.0;0.0;0.0
hp;ST;d2;Int;data;era_dv;1.0;0.03;3.42
hp;ST;d2;Int;data;era_dv2;1.0;0.0;0.0
hp;ST;d2;Int;data;era_dv3;1.0;0.0;0.01
hp;ST;d2;Int;data;generic_dv;1.0;0.33;33.09
hp;ST;d2;Int;data;generic_dv2;5.0;0.45;8.95
hp;ST;d2;Int;data;generic_dv3;1.0;0.58;58.04
hp;ST;d2;Int;data;generic_dv4;1.0;0.99;98.7
hp;ST;d2;Int;data;genesis_dv;1.0;0.0;0.0
hp;ST;d2;Int;data;kraftwerk_dv;15.0;9.7;64.67
hp;ST;d2;Int;data;meshuggah_dv;1.0;0.0;0.0
hp;ST;d2;Int;data;meshuggah_dv2;1.0;0.0;0.0
hp;ST;d2;Int;data;messhugah_dv;1.0;0.0;0.0
hp;ST;d2;Int;data;nautile_dv;100.0;26.62;26.62
hp;ST;d2;Int;data;pogues_dv;1.0;0.0;0.0
hp;ST;d2;Int;data;protools_dv;1.0;0.0;0.0
hp;ST;d2;Int;data;protools_dv2;1.0;0.0;0.0
hp;ST;d2;Int;data;protools_dv3;1.0;0.0;0.0
hp;ST;d2;Int;data;rem_dv;1.0;0.0;0.0
hp;ST;d2;Int;data;rem_dv2;1.0;0.0;0.0
hp;ST;d2;Int;data;rem_dv3;1.0;0.0;0.0
hp;ST;d2;Int;data;rmes_dv;2.0;1.07;53.5
hp;ST;d2;Int;data;rmes_dv2;1.0;0.81;80.69
hp;ST;d2;Int;data;rmes_dv4;1.0;0.0;0.0
hp;ST;d2;Int;data;rmes_test_dv;1.0;0.0;0.0
hp;ST;d2;Int;data;rmesgncs_dv;1.0;0.45;45.37
hp;ST;d2;Int;data;sic_dv;10.0;2.15;21.5
hp;ST;d2;Int;data;sic_dv2;10.0;4.61;46.1
hp;ST;d2;Int;data;sic_dv3;1.0;0.63;63.2
hp;ST;d2;Int;data;sic_dv4;1.0;0.0;0.0
hp;ST;d2;Int;data;sic_dv5;1.0;0.01;0.79
hp;ST;d2;Int;data;sic_dv6;4.0;0.0;0.0
hp;ST;d2;Int;data;sicore_dv;1.0;0.0;0.0
hp;ST;d2;Int;data;sicore_dv2;1.0;0.0;0.0
hp;ST;d2;Int;data;stromae_dv;1.0;0.0;0.0
hp;ST;d2;Int;data;trust_dv;1.0;0.01;0.55
hp;ST;d2;Int;logs;bangles_dv;1.0;0.0;0.03
hp;ST;d2;Int;logs;beatles_dv;1.0;0.01;1.14
hp;ST;d2;Int;logs;beatles_dv2;1.0;0.09;8.61
hp;ST;d2;Int;logs;beatles_dv3;1.0;0.06;5.94
hp;ST;d2;Int;logs;coltrane_dv;1.0;0.0;0.0
hp;ST;d2;Int;logs;coltrane_dv2;1.0;0.01;0.99
hp;ST;d2;Int;logs;coltrane_dv3;1.0;0.12;11.99
hp;ST;d2;Int;logs;coltrane_dv4;1.0;0.03;2.78
hp;ST;d2;Int;logs;coltrane_dv5;1.0;0.01;1.29
hp;ST;d2;Int;logs;coltrane_qf;1.0;0.0;0.0
hp;ST;d2;Int;logs;coltrane_qf2;1.0;0.0;0.0
hp;ST;d2;Int;logs;eno_dv;1.0;0.0;0.0
hp;ST;d2;Int;logs;eno_dv2;1.0;0.0;0.0
hp;ST;d2;Int;logs;eno_dv3;1.0;0.0;0.0
hp;ST;d2;Int;logs;era_dv;1.0;0.03;3.5
hp;ST;d2;Int;logs;era_dv2;1.0;0.1;10.36
hp;ST;d2;Int;logs;era_dv3;1.0;0.0;0.05
hp;ST;d2;Int;logs;generic_dv;1.0;0.0;0.05
hp;ST;d2;Int;logs;generic_dv2;2.0;0.01;0.36
hp;ST;d2;Int;logs;generic_dv3;1.0;0.02;1.81
hp;ST;d2;Int;logs;generic_dv4;1.0;0.0;0.1
hp;ST;d2;Int;logs;genesis_dv;1.0;0.0;0.0
hp;ST;d2;Int;logs;kraftwerk_dv;1.0;0.13;13.0
hp;ST;d2;Int;logs;meshuggah_dv;2.0;0.0;0.0
hp;ST;d2;Int;logs;meshuggah_dv2;2.0;0.0;0.0
hp;ST;d2;Int;logs;messhugah_dv;1.0;0.01;1.16
hp;ST;d2;Int;logs;nautile_dv;1.0;0.0;0.0
hp;ST;d2;Int;logs;pogues_dv;1.0;0.0;0.0
hp;ST;d2;Int;logs;protools_dv;5.0;0.01;0.13
hp;ST;d2;Int;logs;protools_dv2;5.0;0.0;0.01
hp;ST;d2;Int;logs;protools_dv3;5.0;0.0;0.06
hp;ST;d2;Int;logs;rem_dv;1.0;0.1;9.77
hp;ST;d2;Int;logs;rem_dv2;1.0;0.31;31.24
hp;ST;d2;Int;logs;rem_dv3;1.0;0.25;24.92
hp;ST;d2;Int;logs;rmes_dv;1.0;0.0;0.39
hp;ST;d2;Int;logs;rmes_dv2;1.0;0.0;0.22
hp;ST;d2;Int;logs;rmes_dv4;1.0;0.0;0.0
hp;ST;d2;Int;logs;rmesgncs_dv;1.0;0.0;0.0
hp;ST;d2;Int;logs;sic_dv;1.0;0.31;30.86
hp;ST;d2;Int;logs;sic_dv2;1.0;0.45;44.82
hp;ST;d2;Int;logs;sic_dv3;1.0;0.32;32.36
hp;ST;d2;Int;logs;sic_dv4;1.0;0.01;0.53
hp;ST;d2;Int;logs;sic_dv5;1.0;0.04;4.34
hp;ST;d2;Int;logs;sic_dv6;4.0;0.0;0.01
hp;ST;d2;Int;logs;sicore_dv;1.0;0.73;73.07
hp;ST;d2;Int;logs;sicore_dv2;1.0;0.5;50.45
hp;ST;d2;Int;logs;stromae_dv;1.0;0.0;0.0
hp;ST;d2;Int;logs;trust_dv;1.0;0.0;0.01
hp;UT;d2;Int;data;activemq_qt;1.0;0.1;9.67
hp;UT;d2;Int;data;briques_qt;1.0;0.0;0.0
hp;UT;d2;Int;data;coltcour_dv2;20.0;13.83;69.15
hp;UT;d2;Int;data;coltour_dv;20.0;0.0;0.0
hp;UT;d2;Int;data;dspace_qt;1.0;0.0;0.0
hp;UT;d2;Int;data;editique_dv;10.0;2.48;24.8
hp;UT;d2;Int;data;elastic7_qt;1.0;0.0;0.0
hp;UT;d2;Int;data;elastic8_qt;1.0;0.23;22.81
hp;UT;d2;Int;data;gravitee_qt;1.0;1.0;100.0
hp;UT;d2;Int;data;hyperx_dv;2.0;0.88;44.09
hp;UT;d2;Int;data;hyperx_dv2;1.0;0.0;0.0
hp;UT;d2;Int;data;moba_qt;1.0;0.02;1.77
hp;UT;d2;Int;data;nosql_qt;1.0;0.25;25.48
hp;UT;d2;Int;data;oscar_qf;5.0;0.0;0.0
hp;UT;d2;Int;data;pilas_qt;1.0;0.0;0.0
hp;UT;d2;Int;data;placebo_dv;5.0;1.99;39.8
hp;UT;d2;Int;data;sandbox_qt;1.0;0.0;0.0
hp;UT;d2;Int;data;sndio_qt;30.0;0.0;0.0
hp;UT;d2;Int;data;snsio_qt;30.0;0.0;0.0
hp;UT;d2;Int;logs;activemq_qt;1.0;0.0;0.0
hp;UT;d2;Int;logs;briques_qt;1.0;0.0;0.0
hp;UT;d2;Int;logs;coltcour_dv2;5.0;0.21;4.12
hp;UT;d2;Int;logs;coltour_dv;5.0;0.0;0.0
hp;UT;d2;Int;logs;dspace_qt;1.0;0.0;0.01
hp;UT;d2;Int;logs;editique_dv;1.0;0.01;0.54
hp;UT;d2;Int;logs;elastic7_qt;1.0;0.01;0.51
hp;UT;d2;Int;logs;elastic8_qt;1.0;0.0;0.0
hp;UT;d2;Int;logs;gravitee_qt;1.0;0.04;3.66
hp;UT;d2;Int;logs;hyperx_dv;1.0;0.0;0.01
hp;UT;d2;Int;logs;hyperx_dv2;1.0;0.0;0.0
hp;UT;d2;Int;logs;moba_qt;1.0;0.0;0.0
hp;UT;d2;Int;logs;nosql_qt;1.0;0.0;0.0
hp;UT;d2;Int;logs;oscar_qf;5.0;0.0;0.0
hp;UT;d2;Int;logs;pilas_qt;1.0;0.0;0.0
hp;UT;d2;Int;logs;placebo_dv;1.0;0.0;0.01
hp;UT;d2;Int;logs;sandbox_qt;1.0;0.0;0.0
hp;UT;d2;Int;logs;sndio_qt;10.0;0.0;0.03
hp;UT;d2;Int;logs;snsio_qt;10.0;0.0;0.0
pd;AN;d1;Dmz;data;anais_pd;5.0;0.0;0.0
pd;AN;d1;Dmz;data;annuaires_pd;60.0;19.21;32.02
pd;AN;d1;Dmz;data;contacts_pd;10.0;1.36;13.6
pd;AN;d1;Dmz;data;keycloak_pd;1.0;0.72;71.65
pd;AN;d1;Dmz;data;keycloak_pd2;20.0;0.0;0.0
pd;AN;d1;Dmz;data;spoc_pd;50.0;5.18;10.36
pd;AN;d1;Dmz;data;sugoi_pd;5.0;0.17;3.34
pd;AN;d1;Dmz;logs;anais_pd;5.0;0.0;0.0
pd;AN;d1;Dmz;logs;annuaires_pd;100.0;20.8;20.8
pd;AN;d1;Dmz;logs;contacts_pd;20.0;0.43;2.17
pd;AN;d1;Dmz;logs;keycloak_pd;100.0;64.2;64.2
pd;AN;d1;Dmz;logs;keycloak_pd2;5.0;0.0;0.0
pd;AN;d1;Dmz;logs;spoc_pd;10.0;0.92;9.16
pd;AN;d1;Dmz;logs;sugoi_pd;10.0;0.41;4.11
pd;AN;d1;Int;data;annuaires_pd;30.0;0.23;0.77
pd;AN;d1;Int;data;contacts_pd;10.0;0.0;0.0
pd;AN;d1;Int;data;elk_pd;30.0;0.0;0.0
pd;AN;d1;Int;data;igesa_pd;5.0;0.0;0.0
pd;AN;d1;Int;data;keycloak_pd;20.0;0.0;0.0
pd;AN;d1;Int;data;keycloak_pd2;20.0;0.0;0.0
pd;AN;d1;Int;data;pegase_pd;1.0;0.0;0.0
pd;AN;d1;Int;data;spoc_pd;80.0;0.0;0.0
pd;AN;d1;Int;data;sugoi_pd;10.0;0.0;0.0
pd;AN;d1;Int;logs;annuaires_pd;30.0;6.44;21.47
pd;AN;d1;Int;logs;contacts_pd;20.0;0.09;0.45
pd;AN;d1;Int;logs;elk_pd;30.0;0.44;1.48
pd;AN;d1;Int;logs;igesa_pd;5.0;0.0;0.0
pd;AN;d1;Int;logs;keycloak_pd;20.0;7.28;36.4
pd;AN;d1;Int;logs;keycloak_pd2;20.0;0.0;0.0
pd;AN;d1;Int;logs;pegase_pd;1.0;0.01;0.71
pd;AN;d1;Int;logs;spoc_pd;10.0;0.0;0.0
pd;AN;d1;Int;logs;sugoi_pd;10.0;4.72;47.2
pd;AN;d2;Dmz;data;sugoi_bt;5.0;0.1;1.94
pd;AN;d2;Dmz;logs;sugoi_bt;5.0;0.0;0.0
pd;AN;d2;Int;data;pegase_bt;1.0;0.0;0.0
pd;AN;d2;Int;data;pegase_bt2;1.0;0.0;0.0
pd;AN;d2;Int;logs;pegase_bt;1.0;0.0;0.0
pd;AN;d2;Int;logs;pegase_bt2;1.0;0.0;0.0
pd;AP;d1;Dmz;data;elk_pd;1.0;0.21;21.26
pd;AP;d1;Dmz;data;formetda_pd;1.0;0.0;0.0
pd;AP;d1;Dmz;data;gravitee_pd;50.0;49.65;99.3
pd;AP;d1;Dmz;data;r2d2_pd;150.0;23.41;15.61
pd;AP;d1;Dmz;data;reinitmp_pd;1.0;0.0;0.0
pd;AP;d1;Dmz;data;todelete_pd;1.0;0.0;0.0
pd;AP;d1;Dmz;data;todeletetest_pd;1.0;0.0;0.0
pd;AP;d1;Dmz;data;vault_pd;5.0;0.02;0.39
pd;AP;d1;Dmz;data;wspowershell_pd;1.0;0.0;0.0
pd;AP;d1;Dmz;logs;elk_pd;1.0;0.0;0.0
pd;AP;d1;Dmz;logs;formetda_pd;1.0;0.0;0.0
pd;AP;d1;Dmz;logs;gravitee_pd;1.0;0.06;6.3
pd;AP;d1;Dmz;logs;r2d2_pd;10.0;6.2;62.0
pd;AP;d1;Dmz;logs;reinitmp_pd;1.0;0.1;9.81
pd;AP;d1;Dmz;logs;todelete_pd;1.0;0.0;0.0
pd;AP;d1;Dmz;logs;todeletetest_pd;1.0;0.0;0.0
pd;AP;d1;Dmz;logs;vault_pd;5.0;2.0;40.0
pd;AP;d1;Dmz;logs;wspowershell_pd;1.0;0.0;0.0
pd;AP;d1;Int;data;_service_pd;50.0;7.23;14.46
pd;AP;d1;Int;data;cigal_pd;10.0;4.94;49.4
pd;AP;d1;Int;data;gitlab_pd;5.0;1.12;22.4
pd;AP;d1;Int;data;gravitee_pd;1.0;0.0;0.0
pd;AP;d1;Int;data;majiba3_pd;30.0;0.0;0.0
pd;AP;d1;Int;data;majiba_pd;5.0;4.32;86.4
pd;AP;d1;Int;data;majsql_pd;1.0;0.0;0.1
pd;AP;d1;Int;data;oiseau_pd;10.0;0.0;0.0
pd;AP;d1;Int;data;pegase_pd;5.0;1.14;22.8
pd;AP;d1;Int;data;rainette_pd;1.0;0.0;0.0
pd;AP;d1;Int;data;sas_pd;1.0;0.0;0.02
pd;AP;d1;Int;data;vault_pd;5.0;0.1;1.96
pd;AP;d1;Int;data;wspegase_pd;1.0;0.0;0.0
pd;AP;d1;Int;logs;_service_pd;5.0;0.0;0.0
pd;AP;d1;Int;logs;cigal_pd;5.0;0.0;0.06
pd;AP;d1;Int;logs;gitlab_pd;50.0;32.97;65.94
pd;AP;d1;Int;logs;gravitee_pd;1.0;0.03;3.4
pd;AP;d1;Int;logs;majiba3_pd;30.0;3.86;12.87
pd;AP;d1;Int;logs;majiba_pd;1.0;0.2;19.6
pd;AP;d1;Int;logs;majsql_pd;10.0;4.47;44.7
pd;AP;d1;Int;logs;oiseau_pd;1.0;0.0;0.0
pd;AP;d1;Int;logs;pegase_pd;5.0;0.01;0.18
pd;AP;d1;Int;logs;rainette_pd;1.0;0.0;0.0
pd;AP;d1;Int;logs;sas_pd;1.0;0.0;0.0
pd;AP;d1;Int;logs;vault_pd;100.0;7.62;7.62
pd;AP;d1;Int;logs;wspegase_pd;1.0;0.0;0.05
pd;AP;d2;Dmz;data;r2d2_bt;5.0;0.82;16.46
pd;AP;d2;Dmz;logs;r2d2_bt;1.0;0.57;57.08
pd;AP;d2;Int;data;majiba3_pd2;1.0;0.0;0.0
pd;AP;d2;Int;data;observabilite_pd;1000.0;232.8;23.28
pd;AP;d2;Int;data;pegase_bt;5.0;0.0;0.0
pd;AP;d2;Int;logs;majiba3_pd2;1.0;0.0;0.0
pd;AP;d2;Int;logs;observabilite_pd;1.0;0.0;0.0
pd;AP;d2;Int;logs;pegase_bt;5.0;0.0;0.0
pd;CJ;d1;Int;data;conjoncture_pd;60.0;48.81;81.35
pd;CJ;d1;Int;data;ecmoss_pd;5.0;1.09;21.8
pd;CJ;d1;Int;data;elbs_pd;5.0;0.98;19.58
pd;CJ;d1;Int;data;elbs_pd2;1.0;0.0;0.0
pd;CJ;d1;Int;data;harmonica_pd;100.0;43.53;43.53
pd;CJ;d1;Int;data;ofats_pd;10.0;0.73;7.31
pd;CJ;d1;Int;data;papaye_pd;20.0;9.41;47.05
pd;CJ;d1;Int;data;tourisme3_pd;20.0;14.17;70.85
pd;CJ;d1;Int;logs;conjoncture_pd;20.0;3.11;15.55
pd;CJ;d1;Int;logs;ecmoss_pd;1.0;0.4;39.71
pd;CJ;d1;Int;logs;elbs_pd;1.0;0.83;82.61
pd;CJ;d1;Int;logs;elbs_pd2;1.0;0.0;0.0
pd;CJ;d1;Int;logs;harmonica_pd;5.0;0.17;3.43
pd;CJ;d1;Int;logs;ofats_pd;1.0;1.0;100.0
pd;CJ;d1;Int;logs;papaye_pd;20.0;1.81;9.05
pd;CJ;d1;Int;logs;tourisme3_pd;50.0;0.12;0.25
pd;CJ;d2;Int;data;harmonica_fo;10.0;1.98;19.8
pd;CJ;d2;Int;data;tourisme3_fo;1.0;0.9;90.13
pd;CJ;d2;Int;logs;harmonica_fo;2.0;0.41;20.54
pd;CJ;d2;Int;logs;tourisme3_fo;1.0;0.0;0.28
pd;CN;d1;Int;data;ariege_pd;30.0;20.62;68.73
pd;CN;d1;Int;data;ecmoss_pd;10.0;0.54;5.42
pd;CN;d1;Int;data;goeland_pd;30.0;15.82;52.73
pd;CN;d1;Int;data;iecn_pd;1000.0;0.0;0.0
pd;CN;d1;Int;data;toucan_pd;5.0;4.26;85.2
pd;CN;d1;Int;logs;ariege_pd;5.0;0.22;4.34
pd;CN;d1;Int;logs;ecmoss_pd;6.0;1.34;22.33
pd;CN;d1;Int;logs;goeland_pd;1.0;0.0;0.1
pd;CN;d1;Int;logs;iecn_pd;5.0;0.0;0.0
pd;CN;d1;Int;logs;toucan_pd;20.0;0.82;4.11
pd;DF;d1;Dmz;data;ddl_pd;20.0;11.25;56.25
pd;DF;d1;Dmz;data;melauto_pd;5.0;0.0;0.05
pd;DF;d1;Dmz;data;melodi_pd;20.0;1.74;8.7
pd;DF;d1;Dmz;data;web4g_pd;1.0;0.0;0.0
pd;DF;d1;Dmz;data;web4g_pd2;1270.0;888.4;69.95
pd;DF;d1;Dmz;logs;ddl_pd;1.0;0.39;38.92
pd;DF;d1;Dmz;logs;melauto_pd;1.0;0.0;0.0
pd;DF;d1;Dmz;logs;melodi_pd;1.0;0.11;10.68
pd;DF;d1;Dmz;logs;web4g_pd;1.0;0.0;0.0
pd;DF;d1;Dmz;logs;web4g_pd2;55.0;34.16;62.11
pd;DF;d1;Int;data;ddl_pd;1.0;0.0;0.0
pd;DF;d1;Int;data;edl_pd;500.0;162.3;32.46
pd;DF;d1;Int;data;melodi_pd;50.0;11.58;23.16
pd;DF;d1;Int;data;portar_pd;5.0;2.0;40.0
pd;DF;d1;Int;data;statweb4g_pd;5.0;1.36;27.2
pd;DF;d1;Int;logs;ddl_pd;1.0;0.0;0.0
pd;DF;d1;Int;logs;edl_pd;10.0;1.78;17.8
pd;DF;d1;Int;logs;melodi_pd;1.0;0.0;0.0
pd;DF;d1;Int;logs;portar_pd;1.0;0.02;2.23
pd;DF;d1;Int;logs;statweb4g_pd;1.0;0.0;0.16
pd;DPT_IF;d1;Dmz;data;pddpdebmaill172;250.0;61.73;24.69
pd;DPT_IF;d1;Int;data;pddpdebianll103;4000.0;2010.0;50.25
pd;DPT_IF;d1;Int;data;pddpdebrefll103;4000.0;2080.0;52.0
pd;DPT_IF;d2;Dmz;data;pddpdebianll273;4000.0;1520.0;38.0
pd;DPT_IF;d2;Dmz;data;pddpdebianll274;4000.0;1520.0;38.0
pd;DPT_IF;d2;Int;data;pddpdebianll205;4000.0;2080.0;52.0
pd;DPT_IF;d2;Int;data;pddpdebianll206;4000.0;2080.0;52.0
pd;DPT_IF;d2;Int;data;pddpdebianll207;4000.0;2010.0;50.25
pd;DPT_IF;d2;Int;data;pddpdebianll208;2700.0;2000.0;74.07
pd;EN;d1;Dmz;data;citrus_pd;50.0;12.84;25.68
pd;EN;d1;Dmz;logs;citrus_pd;10.0;0.04;0.44
pd;EN;d1;Int;data;calvados_pd;1.0;0.11;11.01
pd;EN;d1;Int;data;esane_pd;1170.0;941.8;80.5
pd;EN;d1;Int;data;esanearc_pd;50.0;26.02;52.04
pd;EN;d1;Int;data;ful_pd;100.0;15.77;15.77
pd;EN;d1;Int;data;iae_pd;1.0;0.0;0.0
pd;EN;d1;Int;data;lifi3_pd;600.0;185.2;30.87
pd;EN;d1;Int;data;oasis_pd;100.0;94.26;94.26
pd;EN;d1;Int;data;ocapi_pd;150.0;10.68;7.12
pd;EN;d1;Int;data;ocapi_pd2;1.0;0.0;0.0
pd;EN;d1;Int;data;octavie_pd;50.0;22.04;44.08
pd;EN;d1;Int;data;origami_pd;50.0;16.51;33.02
pd;EN;d1;Int;data;profilapp_pd;20.0;17.42;87.1
pd;EN;d1;Int;logs;calvados_pd;10.0;5.03;50.3
pd;EN;d1;Int;logs;esane_pd;100.0;73.75;73.75
pd;EN;d1;Int;logs;esanearc_pd;5.0;0.01;0.2
pd;EN;d1;Int;logs;ful_pd;10.0;4.23;42.3
pd;EN;d1;Int;logs;iae_pd;1.0;0.0;0.0
pd;EN;d1;Int;logs;lifi3_pd;50.0;3.0;6.0
pd;EN;d1;Int;logs;oasis_pd;5.0;1.41;28.2
pd;EN;d1;Int;logs;ocapi_pd;5.0;0.27;5.33
pd;EN;d1;Int;logs;ocapi_pd2;1.0;0.0;0.0
pd;EN;d1;Int;logs;octavie_pd;1.0;0.27;27.29
pd;EN;d1;Int;logs;origami_pd;5.0;0.47;9.33
pd;EN;d1;Int;logs;profilapp_pd;5.0;0.52;10.43
pd;EN;d2;Int;data;calvados_fo;1.0;0.0;0.0
pd;EN;d2;Int;data;citrus_fo;5.0;0.02;0.31
pd;EN;d2;Int;data;esane_fo;200.0;65.72;32.86
pd;EN;d2;Int;data;oasis_fo;1.0;0.68;68.3
pd;EN;d2;Int;logs;citrus_fo;1.0;0.0;0.03
pd;EN;d2;Int;logs;esane_fo;1.0;0.08;7.5
pd;EN;d2;Int;logs;oasis_fo;1.0;0.0;0.39
pd;EP;d1;Int;data;arc_pd;1240.0;1040.0;83.87
pd;EP;d1;Int;data;arccts_pd;550.0;407.9;74.16
pd;EP;d1;Int;data;arcdads_pd;500.0;302.1;60.42
pd;EP;d1;Int;data;arcfiscalresil_pd;250.0;40.89;16.36
pd;EP;d1;Int;data;arcpasrauresil_pd;100.0;42.61;42.61
pd;EP;d1;Int;data;artemis_pd;200.0;32.56;16.28
pd;EP;d1;Int;data;artemisdads_pd;8.0;5.42;67.75
pd;EP;d1;Int;data;diane_pd;400.0;364.9;91.22
pd;EP;d1;Int;data;dianedads_pd;200.0;94.69;47.34
pd;EP;d1;Int;data;dsnflash_pd;10.0;2.13;21.3
pd;EP;d1;Int;data;heracles_pd;20.0;0.04;0.18
pd;EP;d1;Int;data;thesee_pd;500.0;138.5;27.7
pd;EP;d1;Int;logs;arc_pd;5.0;0.36;7.24
pd;EP;d1;Int;logs;arccts_pd;1.0;0.07;6.68
pd;EP;d1;Int;logs;arcdads_pd;50.0;0.1;0.19
pd;EP;d1;Int;logs;arcfiscalresil_pd;1.0;0.77;77.29
pd;EP;d1;Int;logs;arcpasrauresil_pd;1.0;0.54;54.38
pd;EP;d1;Int;logs;artemis_pd;30.0;13.07;43.57
pd;EP;d1;Int;logs;artemisdads_pd;5.0;0.91;18.2
pd;EP;d1;Int;logs;diane_pd;5.0;0.23;4.63
pd;EP;d1;Int;logs;dianedads_pd;5.0;0.25;4.99
pd;EP;d1;Int;logs;dsnflash_pd;5.0;1.01;20.2
pd;EP;d1;Int;logs;heracles_pd;5.0;2.75;55.0
pd;EP;d1;Int;logs;thesee_pd;5.0;0.58;11.68
pd;ET;d1;Int;data;dmtr_pd;5.0;0.0;0.0
pd;ET;d1;Int;data;dr35form_pd;5.0;2.02;40.4
pd;ET;d1;Int;data;eristats_pd;1.0;0.0;0.0
pd;ET;d1;Int;data;pildrapp_pd;5.0;0.42;8.45
pd;ET;d1;Int;data;sics_pd;5.0;1.59;31.8
pd;ET;d1;Int;data;tbgestfi_pd;5.0;0.42;8.42
pd;ET;d1;Int;logs;dmtr_pd;1.0;0.0;0.0
pd;ET;d1;Int;logs;dr35form_pd;1.0;0.0;0.02
pd;ET;d1;Int;logs;eristats_pd;1.0;0.0;0.0
pd;ET;d1;Int;logs;pildrapp_pd;1.0;0.0;0.01
pd;ET;d1;Int;logs;sics_pd;1.0;0.0;0.0
pd;ET;d1;Int;logs;tbgestfi_pd;1.0;0.0;0.0
pd;GE;d1;Int;data;creacartes_pd;500.0;245.6;49.12
pd;GE;d1;Int;data;gaia_pd;200.0;116.2;58.1
pd;GE;d1;Int;data;geoloc_pd;100.0;75.12;75.12
pd;GE;d1;Int;data;geosrv_pd;1.0;0.0;0.0
pd;GE;d1;Int;data;refi2wsi_pd;1.0;0.0;0.0
pd;GE;d1;Int;data;refigeo2_pd;5.0;0.88;17.57
pd;GE;d1;Int;data;refigsrv_pd;5.0;0.0;0.0
pd;GE;d1;Int;logs;creacartes_pd;1.0;0.01;1.03
pd;GE;d1;Int;logs;gaia_pd;5.0;1.16;23.2
pd;GE;d1;Int;logs;geoloc_pd;5.0;3.62;72.4
pd;GE;d1;Int;logs;geosrv_pd;1.0;0.0;0.0
pd;GE;d1;Int;logs;refi2wsi_pd;1.0;0.0;0.0
pd;GE;d1;Int;logs;refigeo2_pd;1.0;0.32;32.18
pd;GE;d1;Int;logs;refigsrv_pd;1.0;0.0;0.01
pd;GE;d2;Int;data;geoloc_fo;5.0;0.0;0.0
pd;GE;d2;Int;logs;geoloc_fo;1.0;0.05;4.89
pd;IF;d1;Dmz;data;_puppet_pd;800.0;402.4;50.3
pd;IF;d1;Dmz;data;observabilite_pd;1.0;0.0;0.0
pd;IF;d1;Dmz;logs;_puppet_pd;50.0;0.0;0.0
pd;IF;d1;Dmz;logs;observabilite_pd;1.0;0.0;0.0
pd;IF;d2;Dmz;data;_puppet_pd;800.0;399.3;49.91
pd;IF;d2;Dmz;logs;_puppet_pd;50.0;0.0;0.0
pd;MN;d1;Dmz;data;blaise5_pd;660.0;423.9;64.23
pd;MN;d1;Dmz;data;blaiseis_pd;22.0;17.98;81.73
pd;MN;d1;Dmz;data;coleman_pd;40.0;0.0;0.0
pd;MN;d1;Dmz;data;melauto_pd;1.0;0.0;0.32
pd;MN;d1;Dmz;logs;blaise5_pd;5.0;0.8;16.01
pd;MN;d1;Dmz;logs;blaiseis_pd;15.0;0.39;2.58
pd;MN;d1;Dmz;logs;coleman_pd;5.0;1.82;36.4
pd;MN;d1;Dmz;logs;melauto_pd;1.0;0.0;0.0
pd;MN;d1;Int;data;baffil_pd;1950.0;1690.0;86.67
pd;MN;d1;Int;data;capi3g_pd;50.0;32.44;64.88
pd;MN;d1;Int;data;capi_pd;500.0;407.4;81.48
pd;MN;d1;Int;data;eec3_pd;300.0;214.4;71.47
pd;MN;d1;Int;data;erfsdrm_pd;100.0;96.39;96.39
pd;MN;d1;Int;data;fideli2_pd;800.0;492.5;61.56
pd;MN;d1;Int;data;fideli_pd;2800.0;1210.0;43.21
pd;MN;d1;Int;data;filosofi2_pd;3420.0;1520.0;44.44
pd;MN;d1;Int;data;infocentre_pd;5.0;1.49;29.8
pd;MN;d1;Int;data;nautile_pd;100.0;91.97;91.97
pd;MN;d1;Int;data;opale_pd;50.0;5.59;11.18
pd;MN;d1;Int;data;prvempl_pd;1.0;0.66;66.49
pd;MN;d1;Int;data;prvform_pd;1.0;0.44;44.21
pd;MN;d1;Int;data;queen_pd;50.0;0.01;0.02
pd;MN;d1;Int;data;queen_pd2;4.0;0.0;0.0
pd;MN;d1;Int;data;rapsodie_pd;3910.0;2800.0;71.61
pd;MN;d1;Int;data;rmesstromae_pd;1.0;0.0;0.0
pd;MN;d1;Int;data;sabiane_pd;8.0;5.35;66.88
pd;MN;d1;Int;data;sabiane_pd2;4.0;1.71;42.75
pd;MN;d1;Int;logs;baffil_pd;1.0;0.17;16.56
pd;MN;d1;Int;logs;capi3g_pd;25.0;15.72;62.88
pd;MN;d1;Int;logs;capi_pd;1.0;0.29;28.97
pd;MN;d1;Int;logs;eec3_pd;10.0;0.16;1.65
pd;MN;d1;Int;logs;erfsdrm_pd;1.0;0.0;0.0
pd;MN;d1;Int;logs;fideli2_pd;1.0;0.2;19.74
pd;MN;d1;Int;logs;fideli_pd;1.0;0.06;6.28
pd;MN;d1;Int;logs;filosofi2_pd;1.0;0.0;0.0
pd;MN;d1;Int;logs;infocentre_pd;1.0;0.02;2.35
pd;MN;d1;Int;logs;nautile_pd;1.0;0.16;15.68
pd;MN;d1;Int;logs;opale_pd;5.0;0.64;12.75
pd;MN;d1;Int;logs;prvempl_pd;6.0;0.62;10.32
pd;MN;d1;Int;logs;prvform_pd;2.0;0.17;8.45
pd;MN;d1;Int;logs;queen_pd;4.0;0.31;7.83
pd;MN;d1;Int;logs;queen_pd2;4.0;1.21;30.25
pd;MN;d1;Int;logs;rapsodie_pd;1.0;0.22;21.6
pd;MN;d1;Int;logs;rmesstromae_pd;3.0;1.99;66.33
pd;MN;d1;Int;logs;sabiane_pd;4.0;0.79;19.68
pd;MN;d1;Int;logs;sabiane_pd2;4.0;2.81;70.25
pd;MN;d2;Int;data;eec3_fo;5.0;0.56;11.1
pd;MN;d2;Int;data;opale_fo;5.0;0.31;6.16
pd;MN;d2;Int;data;prvempl_fo;5.0;0.05;1.02
pd;MN;d2;Int;data;queen_fo;5.0;0.0;0.0
pd;MN;d2;Int;data;sabiane_fo;5.0;0.0;0.0
pd;MN;d2;Int;logs;eec3_fo;1200.0;1.02;0.08
pd;MN;d2;Int;logs;opale_fo;1.0;1.0;100.0
pd;MN;d2;Int;logs;prvempl_fo;2.0;0.0;0.0
pd;MN;d2;Int;logs;queen_fo;1.0;0.48;48.05
pd;MN;d2;Int;logs;sabiane_fo;1.0;0.19;19.11
pd;PL;d1;Dmz;data;contentieux_pd;10.0;7.48;74.8
pd;PL;d1;Dmz;data;gemini_pd;1.0;0.41;41.44
pd;PL;d1;Dmz;logs;contentieux_pd;25.0;0.12;0.5
pd;PL;d1;Dmz;logs;gemini_pd;1.0;0.02;1.54
pd;PL;d1;Int;data;archimed_pd;1.0;0.0;0.0
pd;PL;d1;Int;data;athenes_pd;1.0;0.04;4.4
pd;PL;d1;Int;data;figaro_pd;250.0;119.9;47.96
pd;PL;d1;Int;data;gecocour_pd;30.0;23.74;79.13
pd;PL;d1;Int;data;gecoentr_pd;100.0;92.24;92.24
pd;PL;d1;Int;data;gemini_pd;1.0;0.0;0.0
pd;PL;d1;Int;data;pilot_pd;20.0;7.4;37.0
pd;PL;d1;Int;data;pilotdon_pd;1.0;0.0;0.0
pd;PL;d1;Int;logs;archimed_pd;1.0;0.06;5.97
pd;PL;d1;Int;logs;athenes_pd;1.0;0.81;80.88
pd;PL;d1;Int;logs;figaro_pd;10.0;6.35;63.5
pd;PL;d1;Int;logs;gecocour_pd;1.0;0.68;67.65
pd;PL;d1;Int;logs;gecoentr_pd;50.0;21.75;43.5
pd;PL;d1;Int;logs;gemini_pd;1.0;0.07;7.35
pd;PL;d1;Int;logs;pilot_pd;10.0;0.55;5.47
pd;PL;d1;Int;logs;pilotdon_pd;10.0;0.0;0.02
pd;PX;d1;Dmz;data;collecteprix_pd;10.0;4.24;42.4
pd;PX;d1;Dmz;data;ddc_pd;200.0;44.25;22.12
pd;PX;d1;Dmz;logs;collecteprix_pd;20.0;0.64;3.21
pd;PX;d1;Dmz;logs;ddc_pd;10.0;0.0;0.01
pd;PX;d1;Int;data;ddc_pd;1460.0;583.8;39.99
pd;PX;d1;Int;data;enquetesprix_pd;10.0;0.07;0.72
pd;PX;d1;Int;data;prismeipc_pd;1.0;0.0;0.0
pd;PX;d1;Int;logs;ddc_pd;40.0;0.0;0.0
pd;PX;d1;Int;logs;enquetesprix_pd;5.0;0.05;1.09
pd;PX;d1;Int;logs;prismeipc_pd;1.0;0.29;29.21
pd;PX;d2;Dmz;data;collecteprix_bt;1.0;0.0;0.0
pd;PX;d2;Dmz;data;collecteprix_fo;5.0;0.0;0.0
pd;PX;d2;Dmz;data;collecteprix_fo2;1.0;0.0;0.0
pd;PX;d2;Dmz;data;collecteprix_fo3;1.0;0.0;0.0
pd;PX;d2;Dmz;logs;collecteprix_bt;1.0;0.0;0.08
pd;PX;d2;Dmz;logs;collecteprix_fo;5.0;0.06;1.21
pd;PX;d2;Dmz;logs;collecteprix_fo2;1.0;0.0;0.47
pd;PX;d2;Dmz;logs;collecteprix_fo3;1.0;0.0;0.0
pd;PX;d2;Int;data;ipc_fo;5.0;0.01;0.22
pd;PX;d2;Int;logs;ipc_fo;1.0;0.02;1.69
pd;RE;d1;Dmz;data;api_manager_pd;50.0;24.98;49.96
pd;RE;d1;Dmz;data;apisirene_pd;500.0;273.6;54.72
pd;RE;d1;Dmz;data;apisirene_pd2;500.0;86.62;17.32
pd;RE;d1;Dmz;data;lei_pd;4880.0;628.6;12.88
pd;RE;d1;Dmz;data;sirene4_pd;750.0;219.1;29.21
pd;RE;d1;Dmz;data;sirene4declaration_pd;10.0;4.57;45.7
pd;RE;d1;Dmz;data;sirene4gestion_pd;1.0;0.0;0.0
pd;RE;d1;Dmz;data;sirene4services_pd;10.0;3.66;36.6
pd;RE;d1;Dmz;data;sirus_pd;600.0;469.6;78.27
pd;RE;d1;Dmz;data;syracuse_pd;1070.0;0.05;0.0
pd;RE;d1;Dmz;logs;api_manager_pd;300.0;25.44;8.48
pd;RE;d1;Dmz;logs;apisirene_pd;250.0;110.0;44.0
pd;RE;d1;Dmz;logs;apisirene_pd2;250.0;100.6;40.24
pd;RE;d1;Dmz;logs;lei_pd;15.0;2.79;18.6
pd;RE;d1;Dmz;logs;sirene4_pd;300.0;100.9;33.63
pd;RE;d1;Dmz;logs;sirene4declaration_pd;10.0;5.67;56.7
pd;RE;d1;Dmz;logs;sirene4gestion_pd;5.0;0.01;0.28
pd;RE;d1;Dmz;logs;sirene4services_pd;1.0;0.7;70.01
pd;RE;d1;Dmz;logs;sirus_pd;100.0;50.24;50.24
pd;RE;d1;Dmz;logs;syracuse_pd;20.0;9.14;45.7
pd;RE;d1;Int;data;orus_pd;250.0;55.23;22.09
pd;RE;d1;Int;data;side_pd;25.0;3.49;13.96
pd;RE;d1;Int;logs;orus_pd;1.0;0.34;34.16
pd;RE;d1;Int;logs;side_pd;10.0;0.63;6.35
pd;RE;d2;Dmz;data;sirene4declaration_bt;1.0;0.11;11.07
pd;RE;d2;Dmz;data;sirene4gestion_bt;1.0;0.0;0.0
pd;RE;d2;Dmz;logs;sirene4declaration_bt;1.0;0.02;1.65
pd;RE;d2;Dmz;logs;sirene4gestion_bt;1.0;0.0;0.1
pd;RE;d2;Int;data;sirene4_fo;5.0;2.92;58.4
pd;RE;d2;Int;data;sirene4declaration_fo;5.0;0.07;1.34
pd;RE;d2;Int;data;sirene4gestion_bt;1.0;0.0;0.01
pd;RE;d2;Int;data;sirene4gestion_fo;5.0;0.0;0.0
pd;RE;d2;Int;data;sirene4services_fo;10.0;3.66;36.6
pd;RE;d2;Int;data;sirene_fo;5.0;0.0;0.02
pd;RE;d2;Int;logs;sirene4_fo;10.0;1.33;13.3
pd;RE;d2;Int;logs;sirene4declaration_fo;1.0;0.0;0.29
pd;RE;d2;Int;logs;sirene4gestion_bt;1.0;0.0;0.04
pd;RE;d2;Int;logs;sirene4gestion_fo;1.0;0.0;0.22
pd;RE;d2;Int;logs;sirene4services_fo;1.0;0.0;0.22
pd;RE;d2;Int;logs;sirene_fo;5.0;1.44;28.8
pd;RH;d1;Dmz;data;apirh_pd;10.0;1.6;16.0
pd;RH;d1;Dmz;data;geneppi_pd;1.0;0.1;9.96
pd;RH;d1;Dmz;data;mouvin_pd;1.0;0.0;0.0
pd;RH;d1;Dmz;data;sirhius_pd;550.0;68.0;12.36
pd;RH;d1;Dmz;data;synchro-rh_pd;1.0;0.0;0.17
pd;RH;d1;Dmz;data;trombi_pd;1.0;0.0;0.0
pd;RH;d1;Dmz;data;trombipr_pd;1.0;0.0;0.0
pd;RH;d1;Dmz;logs;apirh_pd;10.0;0.05;0.53
pd;RH;d1;Dmz;logs;geneppi_pd;5.0;3.07;61.4
pd;RH;d1;Dmz;logs;mouvin_pd;1.0;0.0;0.15
pd;RH;d1;Dmz;logs;sirhius_pd;1.0;0.16;16.3
pd;RH;d1;Dmz;logs;synchro-rh_pd;1.0;0.21;20.91
pd;RH;d1;Dmz;logs;trombi_pd;5.0;2.26;45.2
pd;RH;d1;Dmz;logs;trombipr_pd;1.0;0.0;0.0
pd;RH;d1;Int;data;badgeuse_pd;1.0;0.29;29.14
pd;RH;d1;Int;data;calia_pd;1.0;0.01;1.25
pd;RH;d1;Int;data;equilibr_pd;1.0;0.0;0.0
pd;RH;d1;Int;data;sics_pd;5.0;1.59;31.8
pd;RH;d1;Int;logs;badgeuse_pd;1.0;0.0;0.0
pd;RH;d1;Int;logs;calia_pd;2.0;0.21;10.48
pd;RH;d1;Int;logs;equilibr_pd;10.0;0.0;0.01
pd;RH;d1;Int;logs;sics_pd;1.0;0.0;0.0
pd;RI;d1;Dmz;data;aireppnet_pd;1.0;0.0;0.01
pd;RI;d1;Dmz;data;brpp_pd;3120.0;414.1;13.27
pd;RI;d1;Dmz;data;csns_pd;15.0;5.68;37.87
pd;RI;d1;Dmz;data;elire_pd;6840.0;3080.0;45.03
pd;RI;d1;Dmz;logs;aireppnet_pd;1.0;0.29;29.04
pd;RI;d1;Dmz;logs;brpp_pd;20.0;1.33;6.65
pd;RI;d1;Dmz;logs;csns_pd;10.0;0.88;8.75
pd;RI;d1;Dmz;logs;elire_pd;100.0;2.09;2.09
pd;RI;d1;Int;data;am3ds_pd;2440.0;2390.0;97.95
pd;RI;d1;Int;data;csns_pd;10.0;0.0;0.0
pd;RI;d1;Int;data;edp_pd;1000.0;345.9;34.59
pd;RI;d1;Int;data;resil_pd;2440.0;25.51;1.05
pd;RI;d1;Int;logs;am3ds_pd;1.0;0.0;0.0
pd;RI;d1;Int;logs;csns_pd;10.0;0.83;8.27
pd;RI;d1;Int;logs;edp_pd;5.0;0.14;2.71
pd;RI;d1;Int;logs;resil_pd;1.0;0.0;0.0
pd;RI;d2;Dmz;data;aireppnet_bt;1.0;0.0;0.0
pd;RI;d2;Dmz;data;brpp_bt;1.0;0.0;0.0
pd;RI;d2;Dmz;data;elire_bt;100.0;2.23;2.23
pd;RI;d2;Dmz;logs;aireppnet_bt;1.0;0.02;2.23
pd;RI;d2;Dmz;logs;brpp_bt;1.0;0.22;21.97
pd;RI;d2;Dmz;logs;elire_bt;1.0;0.68;68.33
pd;RP;d1;Dmz;data;censushub_pd;1.0;0.0;0.11
pd;RP;d1;Dmz;data;homere_pd;20.0;2.12;10.6
pd;RP;d1;Dmz;data;rca_pd;1.0;0.42;42.18
pd;RP;d1;Dmz;data;rorcal_pd;15.0;11.71;78.07
pd;RP;d1;Dmz;data;rpetmoi_pd;1.0;0.05;4.72
pd;RP;d1;Dmz;logs;censushub_pd;1.0;0.1;9.82
pd;RP;d1;Dmz;logs;homere_pd;100.0;5.63;5.63
pd;RP;d1;Dmz;logs;rca_pd;2.0;0.92;46.22
pd;RP;d1;Dmz;logs;rorcal_pd;2.0;0.98;49.04
pd;RP;d1;Dmz;logs;rpetmoi_pd;1.0;0.0;0.0
pd;RP;d1;Int;data;achille_pd;200.0;119.8;59.9
pd;RP;d1;Int;data;bpe2_pd;15.0;9.33;62.2
pd;RP;d1;Int;data;bpe_impair_pd;20.0;8.17;40.85
pd;RP;d1;Int;data;bpe_pd;20.0;11.87;59.35
pd;RP;d1;Int;data;itac_pd;30.0;22.41;74.7
pd;RP;d1;Int;data;octobis_pd;20.0;10.39;51.95
pd;RP;d1;Int;data;octopusse_pd;50.0;34.01;68.02
pd;RP;d1;Int;data;odic_pd;19500.0;6920.0;35.49
pd;RP;d1;Int;data;omphale_pd;700.0;350.1;50.01
pd;RP;d1;Int;data;p1_pd;40.0;26.82;67.05
pd;RP;d1;Int;data;p2_pd;5.0;0.88;17.68
pd;RP;d1;Int;data;p6_pd;75.0;0.0;0.0
pd;RP;d1;Int;data;p7_pd;30.0;21.56;71.87
pd;RP;d1;Int;data;popleg_pd;100.0;71.19;71.19
pd;RP;d1;Int;data;rpelk_pd;50.0;0.0;0.0
pd;RP;d1;Int;logs;achille_pd;1.0;0.03;3.11
pd;RP;d1;Int;logs;bpe2_pd;1.0;0.6;59.92
pd;RP;d1;Int;logs;bpe_impair_pd;1.0;0.02;2.08
pd;RP;d1;Int;logs;bpe_pd;1.0;0.05;4.71
pd;RP;d1;Int;logs;itac_pd;1.0;0.01;0.62
pd;RP;d1;Int;logs;octobis_pd;1.0;0.0;0.09
pd;RP;d1;Int;logs;octopusse_pd;1.0;0.0;0.0
pd;RP;d1;Int;logs;odic_pd;5.0;0.23;4.59
pd;RP;d1;Int;logs;omphale_pd;5.0;0.0;0.0
pd;RP;d1;Int;logs;p1_pd;1.0;0.0;0.0
pd;RP;d1;Int;logs;p2_pd;1.0;0.0;0.06
pd;RP;d1;Int;logs;p6_pd;1.0;0.0;0.0
pd;RP;d1;Int;logs;p7_pd;10.0;0.12;1.16
pd;RP;d1;Int;logs;popleg_pd;1.0;0.39;38.79
pd;RP;d1;Int;logs;rpelk_pd;50.0;0.58;1.15
pd;RP;d2;Dmz;data;homere_fo;5.0;0.11;2.17
pd;RP;d2;Dmz;data;rca_fo;5.0;0.0;0.0
pd;RP;d2;Dmz;data;rorcal_fo;5.0;1.68;33.6
pd;RP;d2;Dmz;logs;homere_fo;5.0;0.02;0.35
pd;RP;d2;Dmz;logs;rca_fo;1.0;0.24;24.26
pd;RP;d2;Dmz;logs;rorcal_fo;1.0;0.57;56.63
pd;RP;d2;Int;data;odic_fo;5.0;0.0;0.07
pd;RP;d2;Int;data;odic_fo2;10.0;7.9;79.0
pd;RP;d2;Int;logs;odic_fo;1.0;0.01;1.22
pd;RP;d2;Int;logs;odic_fo2;1.0;0.01;1.35
pd;ST;d1;Dmz;data;coltrane_pd;100.0;61.98;61.98
pd;ST;d1;Dmz;data;conversions_xml_pd;5.0;1.91;38.2
pd;ST;d1;Dmz;data;edt_pd;1.0;0.0;0.0
pd;ST;d1;Dmz;data;rmes_pd;5.0;3.46;69.2
pd;ST;d1;Dmz;data;rmesgncs_pd;1.0;0.76;75.89
pd;ST;d1;Dmz;data;rmespogues_pd;1.0;0.0;0.0
pd;ST;d1;Dmz;data;rmesrdfz_pd;5.0;0.71;14.21
pd;ST;d1;Dmz;data;rmessnci_pd;1.0;0.4;40.05
pd;ST;d1;Dmz;data;rmessncz_pd;10.0;0.39;3.88
pd;ST;d1;Dmz;data;rmeswncd_pd;1.0;0.0;0.0
pd;ST;d1;Dmz;data;rmeswnci_pd;1.0;0.0;0.01
pd;ST;d1;Dmz;data;rmeswncz_pd;1.0;0.0;0.0
pd;ST;d1;Dmz;data;rmsrdfi_pd;5.0;0.67;13.43
pd;ST;d1;Dmz;data;sic_pd;16.0;0.0;0.0
pd;ST;d1;Dmz;data;sicore_pd;1.0;0.24;23.56
pd;ST;d1;Dmz;logs;coltrane_pd;40.0;28.07;70.17
pd;ST;d1;Dmz;logs;conversions_xml_pd;1.0;0.53;53.42
pd;ST;d1;Dmz;logs;edt_pd;1.0;0.0;0.21
pd;ST;d1;Dmz;logs;rmes_pd;1.0;0.3;29.91
pd;ST;d1;Dmz;logs;rmesgncs_pd;1.0;0.2;19.9
pd;ST;d1;Dmz;logs;rmespogues_pd;1.0;0.03;2.92
pd;ST;d1;Dmz;logs;rmesrdfz_pd;1.0;0.42;42.1
pd;ST;d1;Dmz;logs;rmessnci_pd;1.0;0.0;0.0
pd;ST;d1;Dmz;logs;rmessncz_pd;1.0;0.0;0.0
pd;ST;d1;Dmz;logs;rmeswncd_pd;1.0;0.09;9.2
pd;ST;d1;Dmz;logs;rmeswnci_pd;1.0;0.0;0.0
pd;ST;d1;Dmz;logs;rmeswncz_pd;5.0;3.61;72.2
pd;ST;d1;Dmz;logs;rmsrdfi_pd;1.0;0.0;0.0
pd;ST;d1;Dmz;logs;sic_pd;40.0;7.87;19.68
pd;ST;d1;Dmz;logs;sicore_pd;5.0;3.68;73.6
pd;ST;d1;Int;data;_batchs_pd;1.0;0.0;0.0
pd;ST;d1;Int;data;beatles_pd;50.0;0.39;0.79
pd;ST;d1;Int;data;eno_pd;1.0;0.0;0.0
pd;ST;d1;Int;data;era_pd;1.0;0.21;20.66
pd;ST;d1;Int;data;generic_pd;350.0;116.9;33.4
pd;ST;d1;Int;data;kraftwerk_pd;100.0;73.16;73.16
pd;ST;d1;Int;data;meshuggah_pd;4.0;0.0;0.0
pd;ST;d1;Int;data;messhugah_pd;1.0;0.0;0.0
pd;ST;d1;Int;data;pogues_pd;1.0;0.0;0.0
pd;ST;d1;Int;data;protools_pd;1.0;0.0;0.0
pd;ST;d1;Int;data;publicenemy_pd;1.0;0.0;0.0
pd;ST;d1;Int;data;rem_pd;1.0;0.0;0.0
pd;ST;d1;Int;data;sic_pd;50.0;2.21;4.42
pd;ST;d1;Int;data;sicore_pd2;1.0;0.0;0.0
pd;ST;d1;Int;data;sicore_pd3;1.0;0.0;0.0
pd;ST;d1;Int;data;trust_pd;15.0;0.06;0.38
pd;ST;d1;Int;logs;_batchs_pd;1.0;0.0;0.0
pd;ST;d1;Int;logs;beatles_pd;1.0;0.01;1.2
pd;ST;d1;Int;logs;eno_pd;6.0;0.0;0.0
pd;ST;d1;Int;logs;era_pd;1.0;0.0;0.32
pd;ST;d1;Int;logs;generic_pd;20.0;9.24;46.2
pd;ST;d1;Int;logs;kraftwerk_pd;1.0;0.02;1.58
pd;ST;d1;Int;logs;meshuggah_pd;2.0;0.0;0.0
pd;ST;d1;Int;logs;messhugah_pd;1.0;0.04;3.57
pd;ST;d1;Int;logs;pogues_pd;1.0;0.0;0.0
pd;ST;d1;Int;logs;protools_pd;5.0;0.0;0.03
pd;ST;d1;Int;logs;publicenemy_pd;1.0;0.02;2.38
pd;ST;d1;Int;logs;rem_pd;1.0;0.19;18.65
pd;ST;d1;Int;logs;sic_pd;5.0;0.78;15.52
pd;ST;d1;Int;logs;sicore_pd2;5.0;0.0;0.0
pd;ST;d1;Int;logs;sicore_pd3;5.0;0.0;0.0
pd;ST;d1;Int;logs;trust_pd;1.0;0.0;0.01
pd;ST;d2;Dmz;data;edt_bt;1.0;0.0;0.0
pd;ST;d2;Dmz;data;sic_bt;8.0;0.82;10.2
pd;ST;d2;Dmz;logs;edt_bt;4.0;0.0;0.05
pd;ST;d2;Dmz;logs;sic_bt;5.0;0.05;1.07
pd;UT;d1;Int;data;coltcour_pd;80.0;10.89;13.61
pd;UT;d1;Int;data;coltcour_pp;5.0;0.0;0.0
pd;UT;d1;Int;data;editique_conception_pd;10.0;5.08;50.8
pd;UT;d1;Int;data;editique_impression_pd;350.0;228.0;65.14
pd;UT;d1;Int;data;hyperx_pd;5.0;1.12;22.4
pd;UT;d1;Int;data;kanboard_pd;5.0;0.0;0.0
pd;UT;d1;Int;data;kanboard_pd2;5.0;0.0;0.0
pd;UT;d1;Int;data;oscar_pd;20.0;0.0;0.0
pd;UT;d1;Int;data;placebo_pd;20.0;2.28;11.4
pd;UT;d1;Int;data;sting_pd;5.0;0.0;0.0
pd;UT;d1;Int;data;wikidocs_pd;5.0;3.91;78.2
pd;UT;d1;Int;logs;coltcour_pd;5.0;1.5;30.0
pd;UT;d1;Int;logs;coltcour_pp;1.0;0.0;0.0
pd;UT;d1;Int;logs;editique_conception_pd;1.0;0.03;3.31
pd;UT;d1;Int;logs;editique_impression_pd;5.0;0.38;7.59
pd;UT;d1;Int;logs;hyperx_pd;1.0;0.0;0.13
pd;UT;d1;Int;logs;kanboard_pd;1.0;0.0;0.0
pd;UT;d1;Int;logs;kanboard_pd2;1.0;0.0;0.0
pd;UT;d1;Int;logs;oscar_pd;1.0;0.0;0.0
pd;UT;d1;Int;logs;placebo_pd;5.0;1.01;20.14
pd;UT;d1;Int;logs;sting_pd;1.0;0.11;10.76
pd;UT;d1;Int;logs;wikidocs_pd;1.0;0.67;66.88
pp;AP;d2;Dmz;data;gravitee_pp;10.0;1.17;11.7
pp;AP;d2;Dmz;data;reinitmp_pp;1.0;0.0;0.0
pp;AP;d2;Dmz;logs;gravitee_pp;10.0;0.02;0.24
pp;AP;d2;Dmz;logs;reinitmp_pp;1.0;0.0;0.0
pp;AP;d2;Int;data;gitlab_pp;5.0;3.49;69.8
pp;AP;d2;Int;data;majiba_pp;5.0;0.01;0.22
pp;AP;d2;Int;data;majsql_pp;1.0;0.0;0.09
pp;AP;d2;Int;data;pegase_pp;1.0;0.0;0.15
pp;AP;d2;Int;logs;gitlab_pp;5.0;2.75;55.0
pp;AP;d2;Int;logs;majiba_pp;5.0;0.0;0.03
pp;AP;d2;Int;logs;majsql_pp;1.0;0.63;62.86
pp;AP;d2;Int;logs;pegase_pp;1.0;0.0;0.02
pp;CJ;d2;Int;data;conjoncture_pp;20.0;7.92;39.6
pp;CJ;d2;Int;logs;conjoncture_pp;1.0;0.09;8.59
pp;DF;d2;Dmz;data;ddl_pp;1.0;0.0;0.0
pp;DF;d2;Dmz;data;melodi_pp;20.0;1.22;6.1
pp;DF;d2;Dmz;data;static_pp;1.0;0.36;35.99
pp;DF;d2;Dmz;data;static_pp2;5.0;0.0;0.0
pp;DF;d2;Dmz;data;web4g_pp;1.0;0.0;0.0
pp;DF;d2;Dmz;data;web4g_pp2;1000.0;537.8;53.78
pp;DF;d2;Dmz;logs;ddl_pp;1.0;0.0;0.0
pp;DF;d2;Dmz;logs;melodi_pp;1.0;0.04;4.15
pp;DF;d2;Dmz;logs;static_pp;1.0;0.0;0.0
pp;DF;d2;Dmz;logs;static_pp2;1.0;0.0;0.0
pp;DF;d2;Dmz;logs;web4g_pp;1.0;0.0;0.0
pp;DF;d2;Dmz;logs;web4g_pp2;20.0;2.08;10.4
pp;DF;d2;Int;data;melodi_pp;20.0;12.9;64.5
pp;DF;d2;Int;logs;melodi_pp;1.0;0.01;0.78
pp;EN;d2;Int;data;esane_pp;100.0;21.06;21.06
pp;EN;d2;Int;data;lifi3_pp;10.0;8.46;84.6
pp;EN;d2;Int;logs;esane_pp;1.0;0.18;18.03
pp;EN;d2;Int;logs;lifi3_pp;1.0;0.01;1.31
pp;EP;d2;Int;data;diane_pp;1.0;0.0;0.0
pp;EP;d2;Int;data;dsnflash_pp;1.0;0.0;0.03
pp;EP;d2;Int;data;heracles_pp;1.0;0.0;0.0
pp;EP;d2;Int;logs;diane_pp;1.0;0.0;0.27
pp;EP;d2;Int;logs;dsnflash_pp;2.0;0.33;16.33
pp;EP;d2;Int;logs;heracles_pp;1.0;0.0;0.18
pp;GE;d2;Int;data;gaia_pp;50.0;23.93;47.86
pp;GE;d2;Int;logs;gaia_pp;2.0;1.02;50.95
pp;PL;d2;Dmz;data;gemini_pp;1.0;0.13;12.89
pp;PL;d2;Dmz;logs;gemini_pp;1.0;0.03;2.75
pp;PL;d2;Int;data;gecoentr_pp;15.0;0.0;0.0
pp;PX;d2;Dmz;data;collecteprix_pp;1.0;0.0;0.1
pp;PX;d2;Dmz;data;ddc_pp;5.0;5.0;100.0
pp;PX;d2;Dmz;logs;collecteprix_pp;1.0;0.24;23.55
pp;PX;d2;Dmz;logs;ddc_pp;1.0;0.0;0.08
pp;PX;d2;Int;data;ddc_pp;1.0;0.0;0.0
pp;PX;d2;Int;logs;ddc_pp;1.0;0.0;0.0
pp;RE;d2;Dmz;data;apisirene_pp;75.0;17.62;23.49
pp;RE;d2;Dmz;data;lei_pp;200.0;16.48;8.24
pp;RE;d2;Dmz;data;sirene4_pp;7.0;2.96;42.29
pp;RE;d2;Dmz;data;sirene4declaration_pp;5.0;2.1;42.0
pp;RE;d2;Dmz;data;sirene4gestion_pp;1.0;0.0;0.0
pp;RE;d2;Dmz;data;sirene4services_pp;10.0;3.67;36.7
pp;RE;d2;Dmz;data;sirene_pp;400.0;110.0;27.5
pp;RE;d2;Dmz;data;syracext_pp;5.0;0.0;0.0
pp;RE;d2;Dmz;data;syracuse_pp;100.0;0.05;0.05
pp;RE;d2;Dmz;logs;apisirene_pp;5.0;0.85;17.08
pp;RE;d2;Dmz;logs;lei_pp;1.0;0.41;40.59
pp;RE;d2;Dmz;logs;sirene4_pp;50.0;1.75;3.5
pp;RE;d2;Dmz;logs;sirene4declaration_pp;5.0;0.01;0.24
pp;RE;d2;Dmz;logs;sirene4gestion_pp;1.0;0.0;0.28
pp;RE;d2;Dmz;logs;sirene4services_pp;1.0;0.15;15.35
pp;RE;d2;Dmz;logs;sirene_pp;5.0;0.18;3.61
pp;RE;d2;Dmz;logs;syracext_pp;1.0;1.0;100.0
pp;RE;d2;Dmz;logs;syracuse_pp;1.0;0.0;0.0
pp;RH;d2;Dmz;data;synchro-rh_pp;1.0;0.0;0.0
pp;RH;d2;Dmz;logs;synchro-rh_pp;1.0;0.0;0.04
pp;RH;d2;Int;data;orfee_pp;1.0;0.0;0.0
pp;RH;d2;Int;logs;orfee_pp;1.0;0.0;0.0
pp;RI;d2;Dmz;data;brpp_pp;400.0;100.3;25.07
pp;RI;d2;Dmz;data;brppws_pp;1.0;0.0;0.0
pp;RI;d2;Dmz;data;csns_pp;5.0;0.08;1.69
pp;RI;d2;Dmz;data;elire_pp;750.0;105.9;14.12
pp;RI;d2;Dmz;data;elire_pp2;50.0;0.0;0.0
pp;RI;d2;Dmz;logs;brpp_pp;5.0;3.52;70.4
pp;RI;d2;Dmz;logs;brppws_pp;20.0;0.0;0.0
pp;RI;d2;Dmz;logs;csns_pp;1.0;0.05;4.52
pp;RI;d2;Dmz;logs;elire_pp;5.0;0.0;0.06
pp;RI;d2;Dmz;logs;elire_pp2;1.0;0.0;0.0
pp;RI;d2;Int;data;am3ds_pp;500.0;160.0;32.0
pp;RI;d2;Int;data;brpp_pp;1.0;0.0;0.0
pp;RI;d2;Int;data;edp_pp;500.0;301.1;60.22
pp;RI;d2;Int;data;resil_pp;100.0;0.0;0.0
pp;RI;d2;Int;logs;am3ds_pp;1.0;0.0;0.0
pp;RI;d2;Int;logs;brpp_pp;1.0;0.0;0.0
pp;RI;d2;Int;logs;edp_pp;5.0;0.03;0.51
pp;RI;d2;Int;logs;resil_pp;1.0;0.0;0.0
pp;RP;d2;Dmz;data;homere_pp;1.0;0.77;76.75
pp;RP;d2;Dmz;data;rpetmoi_pp;1.0;0.0;0.0
pp;RP;d2;Dmz;logs;homere_pp;20.0;12.69;63.45
pp;RP;d2;Dmz;logs;rpetmoi_pp;1.0;0.0;0.07
pp;RP;d2;Int;data;odic_pp;5.0;1.39;27.8
pp;RP;d2;Int;data;p7_pp;20.0;8.33;41.65
pp;RP;d2;Int;logs;odic_pp;1.0;0.39;39.35
pp;RP;d2;Int;logs;p7_pp;1.0;0.0;0.0
pp;ST;d2;Dmz;data;coltrane_pp;250.0;52.8;21.12
pp;ST;d2;Dmz;data;rmes_pp;1.0;0.49;48.97
pp;ST;d2;Dmz;data;rmesrdfz_pp;1.0;0.0;0.0
pp;ST;d2;Dmz;data;rmessncz_pp;20.0;0.0;0.0
pp;ST;d2;Dmz;data;rmeswncd_pp;1.0;0.0;0.0
pp;ST;d2;Dmz;data;rmsrdfi_pp;5.0;0.0;0.0
pp;ST;d2;Dmz;data;sic_pp;1.0;0.0;0.0
pp;ST;d2;Dmz;logs;coltrane_pp;5.0;0.02;0.35
pp;ST;d2;Dmz;logs;rmes_pp;1.0;0.04;3.83
pp;ST;d2;Dmz;logs;rmesrdfz_pp;1.0;0.0;0.0
pp;ST;d2;Dmz;logs;rmessncz_pp;1.0;0.0;0.0
pp;ST;d2;Dmz;logs;rmeswncd_pp;1.0;0.01;1.27
pp;ST;d2;Dmz;logs;rmsrdfi_pp;1.0;0.0;0.0
pp;ST;d2;Dmz;logs;sic_pp;15.0;0.84;5.59
pp;ST;d2;Int;data;genesis_pp;100.0;24.03;24.03
pp;ST;d2;Int;data;rem_pp;1.0;0.0;0.0
pp;ST;d2;Int;data;sic_pp;1.0;0.71;71.12
pp;ST;d2;Int;logs;rem_pp;1.0;0.0;0.02
pp;ST;d2;Int;logs;sic_pp;15.0;0.15;1.03
pp;TT;d2;Dmz;data;otarie_pp;2.0;0.0;0.0
pp;TT;d2;Dmz;logs;otarie_pp;1.0;0.0;0.0
